,Cluster,Motif,Influe
0,Endoderm,Motif_0,0.4827716
1,Epithelial,Motif_0,0.32874697
2,Germ,Motif_0,1.1686531
3,Mesenchyme,Motif_0,-0.549306
4,Muscle,Motif_0,-0.07192376
5,Neuron,Motif_0,0.5198211
6,Notochord,Motif_0,0.19480114
7,Endoderm,Motif_1,-0.045401387
8,Epithelial,Motif_1,-0.04310469
9,Germ,Motif_1,-0.045401387
10,Mesenchyme,Motif_1,-0.045042735
11,Muscle,Motif_1,0.14251906
12,Neuron,Motif_1,-0.04232328
13,Notochord,Motif_1,-0.045401387
14,Endoderm,Motif_2,-0.024155626
15,Epithelial,Motif_2,0.02456316
16,Germ,Motif_2,-1.1020181
17,Mesenchyme,Motif_2,-0.04823482
18,Muscle,Motif_2,0.49226424
19,Neuron,Motif_2,0.06143924
20,Notochord,Motif_2,0.27509663
21,Endoderm,Motif_4,-1.030966
22,Epithelial,Motif_4,-0.079045966
23,Germ,Motif_4,-0.7169575
24,Mesenchyme,Motif_4,0.7327855
25,Muscle,Motif_4,-0.5827905
26,Neuron,Motif_4,-0.3906806
27,Notochord,Motif_4,0.024048649
28,Endoderm,Motif_5,-0.9012153
29,Epithelial,Motif_5,-0.19606735
30,Germ,Motif_5,-0.53290576
31,Mesenchyme,Motif_5,0.7368068
32,Muscle,Motif_5,-0.5657698
33,Neuron,Motif_5,-0.4915313
34,Notochord,Motif_5,-0.9006148
35,Endoderm,Motif_6,0.4472047
36,Epithelial,Motif_6,1.118088
37,Germ,Motif_6,-0.11407622
38,Mesenchyme,Motif_6,-0.87246734
39,Muscle,Motif_6,0.67857826
40,Neuron,Motif_6,0.8225567
41,Notochord,Motif_6,1.1712193
42,Endoderm,Motif_7,-1.0037595
43,Epithelial,Motif_7,-0.4070667
44,Germ,Motif_7,-0.81589687
45,Mesenchyme,Motif_7,0.8503432
46,Muscle,Motif_7,-0.44240734
47,Neuron,Motif_7,-0.50998634
48,Notochord,Motif_7,-0.42109588
49,Endoderm,Motif_8,-0.804814
50,Epithelial,Motif_8,-0.25283965
51,Germ,Motif_8,-0.41161636
52,Mesenchyme,Motif_8,0.69089
53,Muscle,Motif_8,-0.4908564
54,Neuron,Motif_8,-0.48528337
55,Notochord,Motif_8,-0.804814
56,Endoderm,Motif_9,-0.7313906
57,Epithelial,Motif_9,-0.39682922
58,Germ,Motif_9,-0.30205607
59,Mesenchyme,Motif_9,0.69595134
60,Muscle,Motif_9,-0.4956637
61,Neuron,Motif_9,-0.5030523
62,Notochord,Motif_9,-0.7313906
63,Endoderm,Motif_10,0.22798955
64,Epithelial,Motif_10,0.8144001
65,Germ,Motif_10,0.8315929
66,Mesenchyme,Motif_10,-0.60084033
67,Muscle,Motif_10,-0.2194296
68,Neuron,Motif_10,0.78709507
69,Notochord,Motif_10,0.2988603
70,Endoderm,Motif_11,-0.22727725
71,Epithelial,Motif_11,-0.84311575
72,Germ,Motif_11,-0.45353875
73,Mesenchyme,Motif_11,0.44894105
74,Muscle,Motif_11,-0.0632346
75,Neuron,Motif_11,-0.44122684
76,Notochord,Motif_11,0.099253416
77,Endoderm,Motif_13,-0.8906301
78,Epithelial,Motif_13,-0.026765354
79,Germ,Motif_13,-1.1389714
80,Mesenchyme,Motif_13,0.57229745
81,Muscle,Motif_13,-0.28643993
82,Neuron,Motif_13,-0.19440773
83,Notochord,Motif_13,0.48528212
84,Endoderm,Motif_14,-0.61443615
85,Epithelial,Motif_14,-0.24370499
86,Germ,Motif_14,-0.16565555
87,Mesenchyme,Motif_14,0.5431684
88,Muscle,Motif_14,-0.2934715
89,Neuron,Motif_14,-0.46910986
90,Notochord,Motif_14,-0.61443615
91,Endoderm,Motif_15,0.32383063
92,Epithelial,Motif_15,0.1495208
93,Germ,Motif_15,1.1208936
94,Mesenchyme,Motif_15,-0.431051
95,Muscle,Motif_15,-0.29255903
96,Neuron,Motif_15,0.30144554
97,Notochord,Motif_15,0.20036033
98,Endoderm,Motif_16,-0.646509
99,Epithelial,Motif_16,-0.5530678
100,Germ,Motif_16,-0.22230677
101,Mesenchyme,Motif_16,0.70081407
102,Muscle,Motif_16,-0.412122
103,Neuron,Motif_16,-0.5553274
104,Notochord,Motif_16,-0.646509
105,Endoderm,Motif_17,0.99396664
106,Epithelial,Motif_17,-0.18756239
107,Germ,Motif_17,0.32544515
108,Mesenchyme,Motif_17,-0.63245183
109,Muscle,Motif_17,0.5818501
110,Neuron,Motif_17,0.35284722
111,Notochord,Motif_17,0.5721843
112,Endoderm,Motif_18,0.55835956
113,Epithelial,Motif_18,-0.6619905
114,Germ,Motif_18,0.2475151
115,Mesenchyme,Motif_18,-0.088844284
116,Muscle,Motif_18,0.20876715
117,Neuron,Motif_18,-0.26764187
118,Notochord,Motif_18,-0.19636293
119,Endoderm,Motif_21,-0.7919714
120,Epithelial,Motif_21,-0.09117025
121,Germ,Motif_21,-0.38591924
122,Mesenchyme,Motif_21,0.59625375
123,Muscle,Motif_21,-0.517392
124,Neuron,Motif_21,-0.39457932
125,Notochord,Motif_21,-0.09510289
126,Endoderm,Motif_22,1.0041902
127,Epithelial,Motif_22,0.07433192
128,Germ,Motif_22,1.176857
129,Mesenchyme,Motif_22,-0.7011198
130,Muscle,Motif_22,0.19391401
131,Neuron,Motif_22,0.38513502
132,Notochord,Motif_22,0.016744714
133,Endoderm,Motif_24,-0.7633085
134,Epithelial,Motif_24,-0.38988703
135,Germ,Motif_24,-0.34096888
136,Mesenchyme,Motif_24,0.7157394
137,Muscle,Motif_24,-0.51066214
138,Neuron,Motif_24,-0.51205754
139,Notochord,Motif_24,-0.7633085
140,Endoderm,Motif_25,1.1742985
141,Epithelial,Motif_25,-0.10888087
142,Germ,Motif_25,0.69468725
143,Mesenchyme,Motif_25,-0.678823
144,Muscle,Motif_25,0.6017934
145,Neuron,Motif_25,0.06610928
146,Notochord,Motif_25,-0.4123878
147,Endoderm,Motif_26,0.16374871
148,Epithelial,Motif_26,0.011408174
149,Germ,Motif_26,-0.6095782
150,Mesenchyme,Motif_26,-0.18759347
151,Muscle,Motif_26,0.5038782
152,Neuron,Motif_26,0.2249262
153,Notochord,Motif_26,0.8559486
154,Endoderm,Motif_27,1.0103014
155,Epithelial,Motif_27,0.20969883
156,Germ,Motif_27,0.9671036
157,Mesenchyme,Motif_27,-0.7899206
158,Muscle,Motif_27,0.19696224
159,Neuron,Motif_27,0.562477
160,Notochord,Motif_27,0.27800393
161,Endoderm,Motif_28,-0.15485242
162,Epithelial,Motif_28,0.5672564
163,Germ,Motif_28,-0.29851747
164,Mesenchyme,Motif_28,-0.3122049
165,Muscle,Motif_28,-0.18045825
166,Neuron,Motif_28,0.2732624
167,Notochord,Motif_28,0.99051017
168,Endoderm,Motif_29,-0.01671853
169,Epithelial,Motif_29,-0.012095679
170,Germ,Motif_29,-0.01671853
171,Mesenchyme,Motif_29,-0.01671853
172,Muscle,Motif_29,-0.010923361
173,Neuron,Motif_29,-0.01671853
174,Notochord,Motif_29,-0.01671853
175,Endoderm,Motif_30,-0.49068347
176,Epithelial,Motif_30,0.4080134
177,Germ,Motif_30,-0.46812958
178,Mesenchyme,Motif_30,0.06499178
179,Muscle,Motif_30,-0.19449486
180,Neuron,Motif_30,-0.19357775
181,Notochord,Motif_30,-0.50395435
182,Endoderm,Motif_31,-0.5450555
183,Epithelial,Motif_31,-0.35708156
184,Germ,Motif_31,-0.091817126
185,Mesenchyme,Motif_31,0.5176502
186,Muscle,Motif_31,-0.2402479
187,Neuron,Motif_31,-0.4668736
188,Notochord,Motif_31,-0.5450555
189,Endoderm,Motif_34,-0.24505989
190,Epithelial,Motif_34,0.18543142
191,Germ,Motif_34,-0.23889944
192,Mesenchyme,Motif_34,-0.087311246
193,Muscle,Motif_34,0.032346934
194,Neuron,Motif_34,-0.11414083
195,Notochord,Motif_34,-0.24505989
196,Endoderm,Motif_35,0.57255554
197,Epithelial,Motif_35,0.5002651
198,Germ,Motif_35,1.0320698
199,Mesenchyme,Motif_35,-0.6704221
200,Muscle,Motif_35,0.013584661
201,Neuron,Motif_35,0.7482188
202,Notochord,Motif_35,0.37589696
203,Endoderm,Motif_36,-1.0253497
204,Epithelial,Motif_36,-0.33867672
205,Germ,Motif_36,-0.74243784
206,Mesenchyme,Motif_36,0.84820336
207,Muscle,Motif_36,-0.50429296
208,Neuron,Motif_36,-0.5115601
209,Notochord,Motif_36,-0.60623026
210,Endoderm,Motif_37,-0.13550603
211,Epithelial,Motif_37,-0.0010862061
212,Germ,Motif_37,-0.13550603
213,Mesenchyme,Motif_37,-0.06958483
214,Muscle,Motif_37,0.12836397
215,Neuron,Motif_37,-0.09906581
216,Notochord,Motif_37,-0.13550603
217,Endoderm,Motif_38,-0.17251645
218,Epithelial,Motif_38,-0.5331249
219,Germ,Motif_38,-0.5002104
220,Mesenchyme,Motif_38,0.2869765
221,Muscle,Motif_38,-0.08856405
222,Neuron,Motif_38,-0.2978072
223,Notochord,Motif_38,0.18949376
224,Endoderm,Motif_39,-0.8139017
225,Epithelial,Motif_39,-0.28634354
226,Germ,Motif_39,-0.41670847
227,Mesenchyme,Motif_39,0.7105007
228,Muscle,Motif_39,-0.5291497
229,Neuron,Motif_39,-0.4915303
230,Notochord,Motif_39,-0.8139017
231,Endoderm,Motif_40,0.854759
232,Epithelial,Motif_40,-0.052163824
233,Germ,Motif_40,0.06604207
234,Mesenchyme,Motif_40,-0.5346821
235,Muscle,Motif_40,0.61885655
236,Neuron,Motif_40,0.13169657
237,Notochord,Motif_40,0.05743558
238,Endoderm,Motif_41,-0.8110572
239,Epithelial,Motif_41,-0.34151334
240,Germ,Motif_41,-0.41020548
241,Mesenchyme,Motif_41,0.7288721
242,Muscle,Motif_41,-0.5609088
243,Neuron,Motif_41,-0.4969705
244,Notochord,Motif_41,-0.8110572
245,Endoderm,Motif_42,-0.29858392
246,Epithelial,Motif_42,0.15272228
247,Germ,Motif_42,-0.39084175
248,Mesenchyme,Motif_42,0.018196901
249,Muscle,Motif_42,-0.09487202
250,Neuron,Motif_42,-0.27210093
251,Notochord,Motif_42,-0.39084175
252,Endoderm,Motif_43,0.14328474
253,Epithelial,Motif_43,0.13185133
254,Germ,Motif_43,1.2288698
255,Mesenchyme,Motif_43,-0.38822812
256,Muscle,Motif_43,-0.108768865
257,Neuron,Motif_43,0.35330823
258,Notochord,Motif_43,0.24808091
259,Endoderm,Motif_44,0.1533909
260,Epithelial,Motif_44,0.14744277
261,Germ,Motif_44,0.89110106
262,Mesenchyme,Motif_44,-0.33775178
263,Muscle,Motif_44,-0.32635045
264,Neuron,Motif_44,0.076493196
265,Notochord,Motif_44,0.16437367
266,Endoderm,Motif_45,-0.9152189
267,Epithelial,Motif_45,-0.53369194
268,Germ,Motif_45,-0.57547104
269,Mesenchyme,Motif_45,0.85402375
270,Muscle,Motif_45,-0.5999581
271,Neuron,Motif_45,-0.5451199
272,Notochord,Motif_45,-0.54902816
273,Endoderm,Motif_46,0.7239633
274,Epithelial,Motif_46,0.1718167
275,Germ,Motif_46,-0.12174685
276,Mesenchyme,Motif_46,-0.5807082
277,Muscle,Motif_46,0.67303705
278,Neuron,Motif_46,0.306813
279,Notochord,Motif_46,0.5602229
280,Endoderm,Motif_48,-0.58138955
281,Epithelial,Motif_48,-0.20141232
282,Germ,Motif_48,-0.16858694
283,Mesenchyme,Motif_48,0.46199775
284,Muscle,Motif_48,-0.26242474
285,Neuron,Motif_48,-0.44306612
286,Notochord,Motif_48,-0.58138955
287,Endoderm,Motif_49,0.6290222
288,Epithelial,Motif_49,0.43280503
289,Germ,Motif_49,-0.2873973
290,Mesenchyme,Motif_49,-0.6149261
291,Muscle,Motif_49,0.69713956
292,Neuron,Motif_49,0.34747744
293,Notochord,Motif_49,0.47300526
294,Endoderm,Motif_51,-0.46375215
295,Epithelial,Motif_51,-0.33904395
296,Germ,Motif_51,-0.050736956
297,Mesenchyme,Motif_51,0.37004995
298,Muscle,Motif_51,-0.159323
299,Neuron,Motif_51,-0.42565724
300,Notochord,Motif_51,-0.46375215
301,Endoderm,Motif_52,-0.5564807
302,Epithelial,Motif_52,-0.26110333
303,Germ,Motif_52,-0.11089449
304,Mesenchyme,Motif_52,0.46814957
305,Muscle,Motif_52,-0.24059372
306,Neuron,Motif_52,-0.4559571
307,Notochord,Motif_52,-0.5564807
308,Endoderm,Motif_53,-0.7774173
309,Epithelial,Motif_53,-0.36818424
310,Germ,Motif_53,-0.36297107
311,Mesenchyme,Motif_53,0.71628386
312,Muscle,Motif_53,-0.5387762
313,Neuron,Motif_53,-0.499615
314,Notochord,Motif_53,-0.775505
315,Endoderm,Motif_54,0.58771527
316,Epithelial,Motif_54,0.3446286
317,Germ,Motif_54,-0.27728647
318,Mesenchyme,Motif_54,-0.5555521
319,Muscle,Motif_54,0.6721214
320,Neuron,Motif_54,0.3083452
321,Notochord,Motif_54,0.5511519
322,Endoderm,Motif_55,0.18490636
323,Epithelial,Motif_55,-0.3266993
324,Germ,Motif_55,-0.55147594
325,Mesenchyme,Motif_55,0.10624801
326,Muscle,Motif_55,0.3851476
327,Neuron,Motif_55,-0.6056416
328,Notochord,Motif_55,-1.18062
329,Endoderm,Motif_56,0.19029452
330,Epithelial,Motif_56,0.14205049
331,Germ,Motif_56,1.0331851
332,Mesenchyme,Motif_56,-0.36780864
333,Muscle,Motif_56,-0.35446873
334,Neuron,Motif_56,0.20549121
335,Notochord,Motif_56,0.19396307
336,Endoderm,Motif_57,0.39035344
337,Epithelial,Motif_57,0.48780283
338,Germ,Motif_57,1.0387042
339,Mesenchyme,Motif_57,-0.56799126
340,Muscle,Motif_57,-0.1224277
341,Neuron,Motif_57,0.6790534
342,Notochord,Motif_57,0.24608791
343,Endoderm,Motif_58,-0.71425134
344,Epithelial,Motif_58,-0.66506463
345,Germ,Motif_58,-0.34610844
346,Mesenchyme,Motif_58,0.7981092
347,Muscle,Motif_58,-0.56097287
348,Neuron,Motif_58,-0.6168332
349,Notochord,Motif_58,-0.71425134
350,Endoderm,Motif_59,0.2573458
351,Epithelial,Motif_59,0.4622495
352,Germ,Motif_59,0.9541521
353,Mesenchyme,Motif_59,-0.60791516
354,Muscle,Motif_59,-0.23171653
355,Neuron,Motif_59,0.86796856
356,Notochord,Motif_59,1.3894144
357,Endoderm,Motif_60,-0.7721088
358,Epithelial,Motif_60,-0.46731946
359,Germ,Motif_60,-0.36477643
360,Mesenchyme,Motif_60,0.74865323
361,Muscle,Motif_60,-0.5363684
362,Neuron,Motif_60,-0.5219653
363,Notochord,Motif_60,-0.7721088
364,Endoderm,Motif_61,0.9619624
365,Epithelial,Motif_61,0.22224833
366,Germ,Motif_61,0.14999919
367,Mesenchyme,Motif_61,-0.69232327
368,Muscle,Motif_61,0.6347308
369,Neuron,Motif_61,0.18122913
370,Notochord,Motif_61,0.044036213
371,Endoderm,Motif_62,-0.72466695
372,Epithelial,Motif_62,-0.2557359
373,Germ,Motif_62,-0.2938006
374,Mesenchyme,Motif_62,0.6374401
375,Muscle,Motif_62,-0.4246064
376,Neuron,Motif_62,-0.47959977
377,Notochord,Motif_62,-0.72466695
378,Endoderm,Motif_63,0.52187824
379,Epithelial,Motif_63,0.8837062
380,Germ,Motif_63,0.8189811
381,Mesenchyme,Motif_63,-0.7579007
382,Muscle,Motif_63,0.015554917
383,Neuron,Motif_63,0.7529038
384,Notochord,Motif_63,0.3394029
385,Endoderm,Motif_64,0.21012056
386,Epithelial,Motif_64,0.040309362
387,Germ,Motif_64,-0.755893
388,Mesenchyme,Motif_64,-0.16104098
389,Muscle,Motif_64,0.49130702
390,Neuron,Motif_64,0.008693267
391,Notochord,Motif_64,0.35986125
392,Endoderm,Motif_65,0.20425494
393,Epithelial,Motif_65,0.2542846
394,Germ,Motif_65,0.97771186
395,Mesenchyme,Motif_65,-0.4134209
396,Muscle,Motif_65,-0.3192686
397,Neuron,Motif_65,0.30438167
398,Notochord,Motif_65,0.22181143
399,Endoderm,Motif_66,-0.74014676
400,Epithelial,Motif_66,-0.5472135
401,Germ,Motif_66,-0.32488433
402,Mesenchyme,Motif_66,0.7605319
403,Muscle,Motif_66,-0.52543396
404,Neuron,Motif_66,-0.5521524
405,Notochord,Motif_66,-0.7401051
406,Endoderm,Motif_67,0.5220783
407,Epithelial,Motif_67,0.888118
408,Germ,Motif_67,0.83384067
409,Mesenchyme,Motif_67,-0.7535346
410,Muscle,Motif_67,0.0044794073
411,Neuron,Motif_67,0.7278641
412,Notochord,Motif_67,0.3603028
413,Endoderm,Motif_68,1.0668503
414,Epithelial,Motif_68,0.4575554
415,Germ,Motif_68,0.50457513
416,Mesenchyme,Motif_68,-0.9257821
417,Muscle,Motif_68,0.64388794
418,Neuron,Motif_68,0.5641919
419,Notochord,Motif_68,0.5782947
420,Endoderm,Motif_69,0.40737665
421,Epithelial,Motif_69,0.35184813
422,Germ,Motif_69,1.1257448
423,Mesenchyme,Motif_69,-0.54259133
424,Muscle,Motif_69,-0.16234468
425,Neuron,Motif_69,0.6236624
426,Notochord,Motif_69,0.3044123
427,Endoderm,Motif_70,-0.47400287
428,Epithelial,Motif_70,-0.47400287
429,Germ,Motif_70,-0.06768529
430,Mesenchyme,Motif_70,0.45664385
431,Muscle,Motif_70,-0.3554566
432,Neuron,Motif_70,-0.47184885
433,Notochord,Motif_70,-0.47400287
434,Endoderm,Motif_72,-0.5527391
435,Epithelial,Motif_72,-0.38084072
436,Germ,Motif_72,-0.12065197
437,Mesenchyme,Motif_72,0.54090023
438,Muscle,Motif_72,-0.23886117
439,Neuron,Motif_72,-0.4899287
440,Notochord,Motif_72,-0.5527391
441,Endoderm,Motif_73,-0.3090785
442,Epithelial,Motif_73,0.63691336
443,Germ,Motif_73,-0.30908024
444,Mesenchyme,Motif_73,-0.30908024
445,Muscle,Motif_73,-0.30322486
446,Neuron,Motif_73,0.3504737
447,Notochord,Motif_73,1.1721965
448,Endoderm,Motif_74,-0.18995346
449,Epithelial,Motif_74,0.90534824
450,Germ,Motif_74,0.2759903
451,Mesenchyme,Motif_74,-0.5231452
452,Muscle,Motif_74,-0.31653953
453,Neuron,Motif_74,0.95236605
454,Notochord,Motif_74,1.3968346
455,Endoderm,Motif_75,-0.9073513
456,Epithelial,Motif_75,-0.27368546
457,Germ,Motif_75,-0.60135597
458,Mesenchyme,Motif_75,0.78400654
459,Muscle,Motif_75,-0.5778731
460,Neuron,Motif_75,-0.5953198
461,Notochord,Motif_75,-0.9074952
462,Endoderm,Motif_76,-0.7911665
463,Epithelial,Motif_76,-0.79342276
464,Germ,Motif_76,-0.5479002
465,Mesenchyme,Motif_76,0.91236
466,Muscle,Motif_76,-0.7355582
467,Neuron,Motif_76,-0.76199985
468,Notochord,Motif_76,-0.79342276
469,Endoderm,Motif_77,-0.13068178
470,Epithelial,Motif_77,0.072135724
471,Germ,Motif_77,-0.13068178
472,Mesenchyme,Motif_77,-0.13068178
473,Muscle,Motif_77,-0.13068178
474,Neuron,Motif_77,0.047039744
475,Notochord,Motif_77,0.25940025
476,Endoderm,Motif_78,-0.6698701
477,Epithelial,Motif_78,-0.31963614
478,Germ,Motif_78,-0.22996187
479,Mesenchyme,Motif_78,0.6215135
480,Muscle,Motif_78,-0.33997235
481,Neuron,Motif_78,-0.52001566
482,Notochord,Motif_78,-0.6698701
483,Endoderm,Motif_79,0.034536492
484,Epithelial,Motif_79,0.15269789
485,Germ,Motif_79,0.6051672
486,Mesenchyme,Motif_79,-0.29845798
487,Muscle,Motif_79,-0.30265546
488,Neuron,Motif_79,0.114271455
489,Notochord,Motif_79,0.21453278
490,Endoderm,Motif_80,0.45264143
491,Epithelial,Motif_80,0.22918707
492,Germ,Motif_80,1.1472385
493,Mesenchyme,Motif_80,-0.5092511
494,Muscle,Motif_80,-0.14634185
495,Neuron,Motif_80,0.45121083
496,Notochord,Motif_80,0.19913968
497,Endoderm,Motif_81,-0.1309413
498,Epithelial,Motif_81,0.13960585
499,Germ,Motif_81,-0.1309413
500,Mesenchyme,Motif_81,-0.1309413
501,Muscle,Motif_81,0.109812655
502,Neuron,Motif_81,-0.091553405
503,Notochord,Motif_81,-0.1309413
504,Endoderm,Motif_82,0.49181935
505,Epithelial,Motif_82,0.20584565
506,Germ,Motif_82,1.2001745
507,Mesenchyme,Motif_82,-0.52200925
508,Muscle,Motif_82,-0.10882888
509,Neuron,Motif_82,0.47074276
510,Notochord,Motif_82,0.2100173
511,Endoderm,Motif_83,-0.7139027
512,Epithelial,Motif_83,-0.4352462
513,Germ,Motif_83,-0.27031234
514,Mesenchyme,Motif_83,0.69646174
515,Muscle,Motif_83,-0.4403168
516,Neuron,Motif_83,-0.5141803
517,Notochord,Motif_83,-0.7139027
518,Endoderm,Motif_84,0.37944365
519,Epithelial,Motif_84,0.12817127
520,Germ,Motif_84,1.1301174
521,Mesenchyme,Motif_84,-0.443841
522,Muscle,Motif_84,-0.24237207
523,Neuron,Motif_84,0.29296318
524,Notochord,Motif_84,0.16030341
525,Endoderm,Motif_85,-0.883155
526,Epithelial,Motif_85,-0.72368664
527,Germ,Motif_85,-0.552888
528,Mesenchyme,Motif_85,0.85376734
529,Muscle,Motif_85,-0.51239395
530,Neuron,Motif_85,-0.44664916
531,Notochord,Motif_85,-0.23508933
532,Endoderm,Motif_87,-0.7461077
533,Epithelial,Motif_87,0.4375194
534,Germ,Motif_87,-0.39974803
535,Mesenchyme,Motif_87,0.30397186
536,Muscle,Motif_87,-0.43381834
537,Neuron,Motif_87,-0.1687583
538,Notochord,Motif_87,0.3157992
539,Endoderm,Motif_88,-0.22286129
540,Epithelial,Motif_88,-0.22286129
541,Germ,Motif_88,-0.22286129
542,Mesenchyme,Motif_88,0.044019207
543,Muscle,Motif_88,-0.22286129
544,Neuron,Motif_88,-0.22286129
545,Notochord,Motif_88,-0.22286129
546,Endoderm,Motif_89,-0.072550006
547,Epithelial,Motif_89,-0.027417112
548,Germ,Motif_89,-0.072550006
549,Mesenchyme,Motif_89,-0.072550006
550,Muscle,Motif_89,-0.072550006
551,Neuron,Motif_89,-0.027325062
552,Notochord,Motif_89,-0.072550006
553,Endoderm,Motif_90,-1.0466115
554,Epithelial,Motif_90,-0.2729366
555,Germ,Motif_90,-0.781014
556,Mesenchyme,Motif_90,0.81750757
557,Muscle,Motif_90,-0.43637946
558,Neuron,Motif_90,-0.45427573
559,Notochord,Motif_90,-0.29840145
560,Endoderm,Motif_91,-0.4452705
561,Epithelial,Motif_91,-0.43189216
562,Germ,Motif_91,-0.03339371
563,Mesenchyme,Motif_91,0.3737882
564,Muscle,Motif_91,-0.20457429
565,Neuron,Motif_91,-0.43087494
566,Notochord,Motif_91,-0.4452705
567,Endoderm,Motif_92,0.16113569
568,Epithelial,Motif_92,0.1793374
569,Germ,Motif_92,1.0023749
570,Mesenchyme,Motif_92,-0.37104255
571,Muscle,Motif_92,-0.35708925
572,Neuron,Motif_92,0.24706744
573,Notochord,Motif_92,0.22465093
574,Endoderm,Motif_93,-0.8443254
575,Epithelial,Motif_93,-0.7028052
576,Germ,Motif_93,-0.54781526
577,Mesenchyme,Motif_93,0.9127829
578,Muscle,Motif_93,-0.635463
579,Neuron,Motif_93,-0.7476705
580,Notochord,Motif_93,-0.8443254
581,Endoderm,Motif_95,0.6549095
582,Epithelial,Motif_95,0.91198134
583,Germ,Motif_95,-0.028075477
584,Mesenchyme,Motif_95,-0.8769395
585,Muscle,Motif_95,0.75358635
586,Neuron,Motif_95,0.70245636
587,Notochord,Motif_95,1.017486
588,Endoderm,Motif_96,-0.82727814
589,Epithelial,Motif_96,-0.8099534
590,Germ,Motif_96,-0.5591583
591,Mesenchyme,Motif_96,0.9334737
592,Muscle,Motif_96,-0.6588367
593,Neuron,Motif_96,-0.7350851
594,Notochord,Motif_96,-0.817354
595,Endoderm,Motif_97,-0.08388887
596,Epithelial,Motif_97,0.13189614
597,Germ,Motif_97,0.06624667
598,Mesenchyme,Motif_97,-0.21148786
599,Muscle,Motif_97,-0.21393108
600,Neuron,Motif_97,0.00825803
601,Notochord,Motif_97,0.028924366
602,Endoderm,Motif_98,-0.8829415
603,Epithelial,Motif_98,-0.42199472
604,Germ,Motif_98,-0.51241785
605,Mesenchyme,Motif_98,0.8025613
606,Muscle,Motif_98,-0.60800886
607,Neuron,Motif_98,-0.51844853
608,Notochord,Motif_98,-0.7959009
609,Endoderm,Motif_99,0.8631564
610,Epithelial,Motif_99,0.49680355
611,Germ,Motif_99,0.08300626
612,Mesenchyme,Motif_99,-0.795797
613,Muscle,Motif_99,0.6932083
614,Neuron,Motif_99,0.45369887
615,Notochord,Motif_99,0.5521214
616,Endoderm,Motif_100,0.41171494
617,Epithelial,Motif_100,0.09461304
618,Germ,Motif_100,-0.4270786
619,Mesenchyme,Motif_100,-0.3445109
620,Muscle,Motif_100,0.584166
621,Neuron,Motif_100,0.18191133
622,Notochord,Motif_100,0.5940829
623,Endoderm,Motif_101,0.63874716
624,Epithelial,Motif_101,-0.66050637
625,Germ,Motif_101,-0.025430808
626,Mesenchyme,Motif_101,-0.1871462
627,Muscle,Motif_101,0.4105322
628,Neuron,Motif_101,-0.0015986222
629,Notochord,Motif_101,0.3094453
630,Endoderm,Motif_102,0.35562876
631,Epithelial,Motif_102,0.486677
632,Germ,Motif_102,-0.5450352
633,Mesenchyme,Motif_102,-0.5089076
634,Muscle,Motif_102,0.6188132
635,Neuron,Motif_102,0.46752512
636,Notochord,Motif_102,1.0779325
637,Endoderm,Motif_103,0.25852293
638,Epithelial,Motif_103,0.2047708
639,Germ,Motif_103,1.0321691
640,Mesenchyme,Motif_103,-0.4222689
641,Muscle,Motif_103,-0.28110796
642,Neuron,Motif_103,0.29622686
643,Notochord,Motif_103,0.21858564
644,Endoderm,Motif_104,0.7067538
645,Epithelial,Motif_104,-0.49157128
646,Germ,Motif_104,0.34897596
647,Mesenchyme,Motif_104,-0.3504064
648,Muscle,Motif_104,0.42763364
649,Neuron,Motif_104,0.25716484
650,Notochord,Motif_104,0.7172615
651,Endoderm,Motif_105,-0.8989459
652,Epithelial,Motif_105,-0.31303504
653,Germ,Motif_105,-0.5304953
654,Mesenchyme,Motif_105,0.7757864
655,Muscle,Motif_105,-0.5912531
656,Neuron,Motif_105,-0.50561893
657,Notochord,Motif_105,-0.87550586
658,Endoderm,Motif_106,0.40300912
659,Epithelial,Motif_106,0.5930826
660,Germ,Motif_106,0.99375296
661,Mesenchyme,Motif_106,-0.6094741
662,Muscle,Motif_106,-0.108124524
663,Neuron,Motif_106,0.7584029
664,Notochord,Motif_106,0.2749437
665,Endoderm,Motif_107,-0.54810447
666,Epithelial,Motif_107,0.75144297
667,Germ,Motif_107,-1.0297531
668,Mesenchyme,Motif_107,-0.03420976
669,Muscle,Motif_107,-0.020841297
670,Neuron,Motif_107,0.25668284
671,Notochord,Motif_107,0.7275043
672,Endoderm,Motif_108,0.6963099
673,Epithelial,Motif_108,0.81791127
674,Germ,Motif_108,-0.05093376
675,Mesenchyme,Motif_108,-0.8623069
676,Muscle,Motif_108,0.7453981
677,Neuron,Motif_108,0.67928123
678,Notochord,Motif_108,0.98884565
679,Endoderm,Motif_109,-0.49315414
680,Epithelial,Motif_109,-0.40881056
681,Germ,Motif_109,-0.07447056
682,Mesenchyme,Motif_109,0.45118532
683,Muscle,Motif_109,-0.18509199
684,Neuron,Motif_109,-0.459563
685,Notochord,Motif_109,-0.49315414
686,Endoderm,Motif_110,0.23158932
687,Epithelial,Motif_110,-0.62555003
688,Germ,Motif_110,-0.23229186
689,Mesenchyme,Motif_110,0.114208356
690,Muscle,Motif_110,0.17841846
691,Neuron,Motif_110,-0.4636299
692,Notochord,Motif_110,-0.14412487
693,Endoderm,Motif_111,0.82258326
694,Epithelial,Motif_111,-0.5047843
695,Germ,Motif_111,-0.096579745
696,Mesenchyme,Motif_111,-0.34034178
697,Muscle,Motif_111,0.43119976
698,Neuron,Motif_111,0.010993654
699,Notochord,Motif_111,0.21061106
700,Endoderm,Motif_112,-0.7663821
701,Epithelial,Motif_112,-0.32685316
702,Germ,Motif_112,-0.35299408
703,Mesenchyme,Motif_112,0.69218355
704,Muscle,Motif_112,-0.4884645
705,Neuron,Motif_112,-0.4913811
706,Notochord,Motif_112,-0.7663821
707,Endoderm,Motif_113,-0.73106515
708,Epithelial,Motif_113,-0.5896729
709,Germ,Motif_113,-0.31383923
710,Mesenchyme,Motif_113,0.77361864
711,Muscle,Motif_113,-0.52464265
712,Neuron,Motif_113,-0.5776885
713,Notochord,Motif_113,-0.73106515
714,Endoderm,Motif_114,1.1296682
715,Epithelial,Motif_114,-0.5628349
716,Germ,Motif_114,0.28861758
717,Mesenchyme,Motif_114,-0.44582668
718,Muscle,Motif_114,0.44789782
719,Neuron,Motif_114,-0.15200175
720,Notochord,Motif_114,-0.72874296
721,Endoderm,Motif_116,-0.83415085
722,Epithelial,Motif_116,-0.2763217
723,Germ,Motif_116,-0.45915422
724,Mesenchyme,Motif_116,0.72221684
725,Muscle,Motif_116,-0.5171254
726,Neuron,Motif_116,-0.50797755
727,Notochord,Motif_116,-0.83415085
728,Endoderm,Motif_117,1.0496051
729,Epithelial,Motif_117,0.13221149
730,Germ,Motif_117,0.75260806
731,Mesenchyme,Motif_117,-0.8413866
732,Muscle,Motif_117,0.4362939
733,Neuron,Motif_117,0.6754507
734,Notochord,Motif_117,1.0004101
735,Endoderm,Motif_119,-0.57128316
736,Epithelial,Motif_119,-0.0704975
737,Germ,Motif_119,-0.17954986
738,Mesenchyme,Motif_119,0.40126827
739,Muscle,Motif_119,-0.25356713
740,Neuron,Motif_119,-0.39069554
741,Notochord,Motif_119,-0.57128316
742,Endoderm,Motif_120,-0.45980933
743,Epithelial,Motif_120,-0.27152076
744,Germ,Motif_120,-0.06636195
745,Mesenchyme,Motif_120,0.33517846
746,Muscle,Motif_120,-0.15586737
747,Neuron,Motif_120,-0.40829545
748,Notochord,Motif_120,-0.45980933
749,Endoderm,Motif_121,0.3567186
750,Epithelial,Motif_121,0.13492677
751,Germ,Motif_121,1.1440002
752,Mesenchyme,Motif_121,-0.4383087
753,Muscle,Motif_121,-0.23917708
754,Neuron,Motif_121,0.2768437
755,Notochord,Motif_121,0.19248049
756,Endoderm,Motif_122,0.041352853
757,Epithelial,Motif_122,1.1383612
758,Germ,Motif_122,-0.124229155
759,Mesenchyme,Motif_122,-0.6526849
760,Muscle,Motif_122,0.23009798
761,Neuron,Motif_122,0.63578826
762,Notochord,Motif_122,0.7175771
763,Endoderm,Motif_123,0.5002357
764,Epithelial,Motif_123,-0.206681
765,Germ,Motif_123,-0.34610304
766,Mesenchyme,Motif_123,-0.26688504
767,Muscle,Motif_123,0.5082741
768,Neuron,Motif_123,0.06552906
769,Notochord,Motif_123,0.3505481
770,Endoderm,Motif_124,-0.14693324
771,Epithelial,Motif_124,0.09126939
772,Germ,Motif_124,-0.14693324
773,Mesenchyme,Motif_124,-0.14693324
774,Muscle,Motif_124,-0.14693324
775,Neuron,Motif_124,0.07203418
776,Notochord,Motif_124,0.38103184
777,Endoderm,Motif_125,-0.25406528
778,Epithelial,Motif_125,-0.25406528
779,Germ,Motif_125,-0.25406528
780,Mesenchyme,Motif_125,0.07694501
781,Muscle,Motif_125,-0.24293189
782,Neuron,Motif_125,-0.25262332
783,Notochord,Motif_125,-0.25406528
784,Endoderm,Motif_126,0.989444
785,Epithelial,Motif_126,0.6054337
786,Germ,Motif_126,0.6890284
787,Mesenchyme,Motif_126,-0.9413223
788,Muscle,Motif_126,0.42969498
789,Neuron,Motif_126,0.6655038
790,Notochord,Motif_126,0.65769887
791,Endoderm,Motif_127,0.4448265
792,Epithelial,Motif_127,0.17701417
793,Germ,Motif_127,-0.4146905
794,Mesenchyme,Motif_127,-0.41771805
795,Muscle,Motif_127,0.6363073
796,Neuron,Motif_127,0.27963644
797,Notochord,Motif_127,0.78222525
