,Celltype,Motif,Influe
0,C0_Neoblast,Motif_0,0.0
1,C10_Cathepsin+_cells,Motif_0,0.0
2,C12_Parapharyngeal,Motif_0,0.0
3,C13_Muscle,Motif_0,0.0
4,C15_Cathepsin+_cells,Motif_0,0.0
5,C16_Muscle,Motif_0,0.0
6,C17_Cathepsin+_cells,Motif_0,0.0
7,C18_Neural,Motif_0,0.0
8,C1_Neural,Motif_0,0.0
9,C21_Neural,Motif_0,1.0
10,C22_Neoblast,Motif_0,0.0
11,C23_Neural,Motif_0,1.0
12,C25_Pharynx,Motif_0,0.0
13,C26_Protonephridia,Motif_0,0.0
14,C27_Pharynx,Motif_0,0.0
15,C28_Cathepsin+_cells,Motif_0,0.0
16,C29_Protonephridia,Motif_0,0.0
17,C32_Neural,Motif_0,1.0
18,C33_Neural,Motif_0,1.0
19,C34_Neural,Motif_0,1.0
20,C36_Neural,Motif_0,1.0
21,C37_Pharynx,Motif_0,0.0
22,C38_Parapharyngeal,Motif_0,0.0
23,C40_Protonephridia,Motif_0,0.0
24,C42_Cathepsin+_cells,Motif_0,0.0
25,C43_Intestine,Motif_0,0.0
26,C5_Neoblast,Motif_0,0.0
27,C0_Neoblast,Motif_2,0.0
28,C10_Cathepsin+_cells,Motif_2,0.0
29,C12_Parapharyngeal,Motif_2,0.0
30,C13_Muscle,Motif_2,0.0
31,C15_Cathepsin+_cells,Motif_2,0.0
32,C16_Muscle,Motif_2,0.0
33,C17_Cathepsin+_cells,Motif_2,0.0
34,C18_Neural,Motif_2,1.0
35,C1_Neural,Motif_2,1.0
36,C21_Neural,Motif_2,1.0
37,C22_Neoblast,Motif_2,0.0
38,C23_Neural,Motif_2,1.0
39,C25_Pharynx,Motif_2,0.0
40,C26_Protonephridia,Motif_2,0.0
41,C27_Pharynx,Motif_2,0.0
42,C28_Cathepsin+_cells,Motif_2,0.0
43,C29_Protonephridia,Motif_2,0.0
44,C32_Neural,Motif_2,1.0
45,C33_Neural,Motif_2,1.0
46,C34_Neural,Motif_2,1.0
47,C36_Neural,Motif_2,1.0
48,C37_Pharynx,Motif_2,0.0
49,C38_Parapharyngeal,Motif_2,0.0
50,C40_Protonephridia,Motif_2,0.0
51,C42_Cathepsin+_cells,Motif_2,0.0
52,C43_Intestine,Motif_2,0.0
53,C5_Neoblast,Motif_2,0.0
54,C0_Neoblast,Motif_4,0.0
55,C10_Cathepsin+_cells,Motif_4,0.0
56,C12_Parapharyngeal,Motif_4,0.0
57,C13_Muscle,Motif_4,0.0
58,C15_Cathepsin+_cells,Motif_4,0.0
59,C16_Muscle,Motif_4,0.0
60,C17_Cathepsin+_cells,Motif_4,0.0
61,C18_Neural,Motif_4,0.0
62,C1_Neural,Motif_4,0.0
63,C21_Neural,Motif_4,1.0
64,C22_Neoblast,Motif_4,0.0
65,C23_Neural,Motif_4,1.0
66,C25_Pharynx,Motif_4,0.0
67,C26_Protonephridia,Motif_4,0.0
68,C27_Pharynx,Motif_4,0.0
69,C28_Cathepsin+_cells,Motif_4,0.0
70,C29_Protonephridia,Motif_4,0.0
71,C32_Neural,Motif_4,1.0
72,C33_Neural,Motif_4,1.0
73,C34_Neural,Motif_4,1.0
74,C36_Neural,Motif_4,1.0
75,C37_Pharynx,Motif_4,0.0
76,C38_Parapharyngeal,Motif_4,0.0
77,C40_Protonephridia,Motif_4,0.0
78,C42_Cathepsin+_cells,Motif_4,0.0
79,C43_Intestine,Motif_4,0.0
80,C5_Neoblast,Motif_4,0.0
81,C0_Neoblast,Motif_5,0.0
82,C10_Cathepsin+_cells,Motif_5,0.0
83,C12_Parapharyngeal,Motif_5,0.0
84,C13_Muscle,Motif_5,0.0
85,C15_Cathepsin+_cells,Motif_5,0.0
86,C16_Muscle,Motif_5,0.0
87,C17_Cathepsin+_cells,Motif_5,0.0
88,C18_Neural,Motif_5,0.0
89,C1_Neural,Motif_5,0.0
90,C21_Neural,Motif_5,0.0
91,C22_Neoblast,Motif_5,0.0
92,C23_Neural,Motif_5,0.0
93,C25_Pharynx,Motif_5,0.0
94,C26_Protonephridia,Motif_5,0.0
95,C27_Pharynx,Motif_5,0.0
96,C28_Cathepsin+_cells,Motif_5,0.0
97,C29_Protonephridia,Motif_5,0.0
98,C32_Neural,Motif_5,0.0
99,C33_Neural,Motif_5,0.0
100,C34_Neural,Motif_5,0.0
101,C36_Neural,Motif_5,0.0
102,C37_Pharynx,Motif_5,1.0
103,C38_Parapharyngeal,Motif_5,0.0
104,C40_Protonephridia,Motif_5,0.0
105,C42_Cathepsin+_cells,Motif_5,0.0
106,C43_Intestine,Motif_5,0.0
107,C5_Neoblast,Motif_5,0.0
108,C0_Neoblast,Motif_6,0.0
109,C10_Cathepsin+_cells,Motif_6,0.0
110,C12_Parapharyngeal,Motif_6,0.0
111,C13_Muscle,Motif_6,0.0
112,C15_Cathepsin+_cells,Motif_6,0.0
113,C16_Muscle,Motif_6,0.0
114,C17_Cathepsin+_cells,Motif_6,0.0
115,C18_Neural,Motif_6,0.0
116,C1_Neural,Motif_6,0.0
117,C21_Neural,Motif_6,0.0
118,C22_Neoblast,Motif_6,1.0
119,C23_Neural,Motif_6,0.0
120,C25_Pharynx,Motif_6,1.0
121,C26_Protonephridia,Motif_6,0.0
122,C27_Pharynx,Motif_6,0.0
123,C28_Cathepsin+_cells,Motif_6,0.0
124,C29_Protonephridia,Motif_6,0.0
125,C32_Neural,Motif_6,0.0
126,C33_Neural,Motif_6,0.0
127,C34_Neural,Motif_6,0.0
128,C36_Neural,Motif_6,0.0
129,C37_Pharynx,Motif_6,0.0
130,C38_Parapharyngeal,Motif_6,0.0
131,C40_Protonephridia,Motif_6,0.0
132,C42_Cathepsin+_cells,Motif_6,0.0
133,C43_Intestine,Motif_6,0.0
134,C5_Neoblast,Motif_6,0.0
135,C0_Neoblast,Motif_7,0.0
136,C10_Cathepsin+_cells,Motif_7,0.0
137,C12_Parapharyngeal,Motif_7,1.0
138,C13_Muscle,Motif_7,1.0
139,C15_Cathepsin+_cells,Motif_7,0.0
140,C16_Muscle,Motif_7,0.0
141,C17_Cathepsin+_cells,Motif_7,0.0
142,C18_Neural,Motif_7,0.0
143,C1_Neural,Motif_7,0.0
144,C21_Neural,Motif_7,0.0
145,C22_Neoblast,Motif_7,0.0
146,C23_Neural,Motif_7,0.0
147,C25_Pharynx,Motif_7,1.0
148,C26_Protonephridia,Motif_7,1.0
149,C27_Pharynx,Motif_7,1.0
150,C28_Cathepsin+_cells,Motif_7,0.0
151,C29_Protonephridia,Motif_7,1.0
152,C32_Neural,Motif_7,0.0
153,C33_Neural,Motif_7,0.0
154,C34_Neural,Motif_7,0.0
155,C36_Neural,Motif_7,0.0
156,C37_Pharynx,Motif_7,1.0
157,C38_Parapharyngeal,Motif_7,1.0
158,C40_Protonephridia,Motif_7,1.0
159,C42_Cathepsin+_cells,Motif_7,0.0
160,C43_Intestine,Motif_7,0.0
161,C5_Neoblast,Motif_7,0.0
162,C0_Neoblast,Motif_8,0.0
163,C10_Cathepsin+_cells,Motif_8,0.0
164,C12_Parapharyngeal,Motif_8,0.0
165,C13_Muscle,Motif_8,0.0
166,C15_Cathepsin+_cells,Motif_8,0.0
167,C16_Muscle,Motif_8,0.0
168,C17_Cathepsin+_cells,Motif_8,0.0
169,C18_Neural,Motif_8,0.0
170,C1_Neural,Motif_8,0.0
171,C21_Neural,Motif_8,1.0
172,C22_Neoblast,Motif_8,0.0
173,C23_Neural,Motif_8,1.0
174,C25_Pharynx,Motif_8,0.0
175,C26_Protonephridia,Motif_8,0.0
176,C27_Pharynx,Motif_8,0.0
177,C28_Cathepsin+_cells,Motif_8,0.0
178,C29_Protonephridia,Motif_8,0.0
179,C32_Neural,Motif_8,1.0
180,C33_Neural,Motif_8,1.0
181,C34_Neural,Motif_8,1.0
182,C36_Neural,Motif_8,1.0
183,C37_Pharynx,Motif_8,0.0
184,C38_Parapharyngeal,Motif_8,0.0
185,C40_Protonephridia,Motif_8,0.0
186,C42_Cathepsin+_cells,Motif_8,0.0
187,C43_Intestine,Motif_8,0.0
188,C5_Neoblast,Motif_8,0.0
189,C0_Neoblast,Motif_9,0.0
190,C10_Cathepsin+_cells,Motif_9,0.0
191,C12_Parapharyngeal,Motif_9,0.0
192,C13_Muscle,Motif_9,0.0
193,C15_Cathepsin+_cells,Motif_9,0.0
194,C16_Muscle,Motif_9,0.0
195,C17_Cathepsin+_cells,Motif_9,0.0
196,C18_Neural,Motif_9,0.0
197,C1_Neural,Motif_9,0.0
198,C21_Neural,Motif_9,0.0
199,C22_Neoblast,Motif_9,1.0
200,C23_Neural,Motif_9,0.0
201,C25_Pharynx,Motif_9,0.0
202,C26_Protonephridia,Motif_9,0.0
203,C27_Pharynx,Motif_9,0.0
204,C28_Cathepsin+_cells,Motif_9,0.0
205,C29_Protonephridia,Motif_9,0.0
206,C32_Neural,Motif_9,0.0
207,C33_Neural,Motif_9,0.0
208,C34_Neural,Motif_9,0.0
209,C36_Neural,Motif_9,0.0
210,C37_Pharynx,Motif_9,0.0
211,C38_Parapharyngeal,Motif_9,0.0
212,C40_Protonephridia,Motif_9,0.0
213,C42_Cathepsin+_cells,Motif_9,0.0
214,C43_Intestine,Motif_9,0.0
215,C5_Neoblast,Motif_9,0.0
216,C0_Neoblast,Motif_10,1.0
217,C10_Cathepsin+_cells,Motif_10,1.0
218,C12_Parapharyngeal,Motif_10,0.0
219,C13_Muscle,Motif_10,0.0
220,C15_Cathepsin+_cells,Motif_10,1.0
221,C16_Muscle,Motif_10,0.0
222,C17_Cathepsin+_cells,Motif_10,1.0
223,C18_Neural,Motif_10,0.0
224,C1_Neural,Motif_10,0.0
225,C21_Neural,Motif_10,0.0
226,C22_Neoblast,Motif_10,0.0
227,C23_Neural,Motif_10,0.0
228,C25_Pharynx,Motif_10,0.0
229,C26_Protonephridia,Motif_10,0.0
230,C27_Pharynx,Motif_10,0.0
231,C28_Cathepsin+_cells,Motif_10,1.0
232,C29_Protonephridia,Motif_10,0.0
233,C32_Neural,Motif_10,0.0
234,C33_Neural,Motif_10,0.0
235,C34_Neural,Motif_10,1.0
236,C36_Neural,Motif_10,0.0
237,C37_Pharynx,Motif_10,0.0
238,C38_Parapharyngeal,Motif_10,0.0
239,C40_Protonephridia,Motif_10,0.0
240,C42_Cathepsin+_cells,Motif_10,1.0
241,C43_Intestine,Motif_10,0.0
242,C5_Neoblast,Motif_10,0.0
243,C0_Neoblast,Motif_12,0.0
244,C10_Cathepsin+_cells,Motif_12,0.0
245,C12_Parapharyngeal,Motif_12,1.0
246,C13_Muscle,Motif_12,1.0
247,C15_Cathepsin+_cells,Motif_12,0.0
248,C16_Muscle,Motif_12,1.0
249,C17_Cathepsin+_cells,Motif_12,0.0
250,C18_Neural,Motif_12,0.0
251,C1_Neural,Motif_12,0.0
252,C21_Neural,Motif_12,0.0
253,C22_Neoblast,Motif_12,0.0
254,C23_Neural,Motif_12,0.0
255,C25_Pharynx,Motif_12,0.0
256,C26_Protonephridia,Motif_12,0.0
257,C27_Pharynx,Motif_12,1.0
258,C28_Cathepsin+_cells,Motif_12,0.0
259,C29_Protonephridia,Motif_12,1.0
260,C32_Neural,Motif_12,0.0
261,C33_Neural,Motif_12,0.0
262,C34_Neural,Motif_12,0.0
263,C36_Neural,Motif_12,0.0
264,C37_Pharynx,Motif_12,1.0
265,C38_Parapharyngeal,Motif_12,1.0
266,C40_Protonephridia,Motif_12,1.0
267,C42_Cathepsin+_cells,Motif_12,0.0
268,C43_Intestine,Motif_12,0.0
269,C5_Neoblast,Motif_12,0.0
270,C0_Neoblast,Motif_13,1.0
271,C10_Cathepsin+_cells,Motif_13,0.0
272,C12_Parapharyngeal,Motif_13,0.0
273,C13_Muscle,Motif_13,0.0
274,C15_Cathepsin+_cells,Motif_13,0.0
275,C16_Muscle,Motif_13,0.0
276,C17_Cathepsin+_cells,Motif_13,0.0
277,C18_Neural,Motif_13,0.0
278,C1_Neural,Motif_13,0.0
279,C21_Neural,Motif_13,0.0
280,C22_Neoblast,Motif_13,1.0
281,C23_Neural,Motif_13,0.0
282,C25_Pharynx,Motif_13,0.0
283,C26_Protonephridia,Motif_13,0.0
284,C27_Pharynx,Motif_13,0.0
285,C28_Cathepsin+_cells,Motif_13,0.0
286,C29_Protonephridia,Motif_13,0.0
287,C32_Neural,Motif_13,0.0
288,C33_Neural,Motif_13,0.0
289,C34_Neural,Motif_13,0.0
290,C36_Neural,Motif_13,0.0
291,C37_Pharynx,Motif_13,0.0
292,C38_Parapharyngeal,Motif_13,0.0
293,C40_Protonephridia,Motif_13,0.0
294,C42_Cathepsin+_cells,Motif_13,0.0
295,C43_Intestine,Motif_13,0.0
296,C5_Neoblast,Motif_13,0.0
297,C0_Neoblast,Motif_14,1.0
298,C10_Cathepsin+_cells,Motif_14,1.0
299,C12_Parapharyngeal,Motif_14,0.0
300,C13_Muscle,Motif_14,0.0
301,C15_Cathepsin+_cells,Motif_14,1.0
302,C16_Muscle,Motif_14,0.0
303,C17_Cathepsin+_cells,Motif_14,0.0
304,C18_Neural,Motif_14,0.0
305,C1_Neural,Motif_14,0.0
306,C21_Neural,Motif_14,0.0
307,C22_Neoblast,Motif_14,1.0
308,C23_Neural,Motif_14,0.0
309,C25_Pharynx,Motif_14,0.0
310,C26_Protonephridia,Motif_14,0.0
311,C27_Pharynx,Motif_14,0.0
312,C28_Cathepsin+_cells,Motif_14,1.0
313,C29_Protonephridia,Motif_14,0.0
314,C32_Neural,Motif_14,0.0
315,C33_Neural,Motif_14,0.0
316,C34_Neural,Motif_14,0.0
317,C36_Neural,Motif_14,0.0
318,C37_Pharynx,Motif_14,0.0
319,C38_Parapharyngeal,Motif_14,0.0
320,C40_Protonephridia,Motif_14,0.0
321,C42_Cathepsin+_cells,Motif_14,1.0
322,C43_Intestine,Motif_14,0.0
323,C5_Neoblast,Motif_14,0.0
324,C0_Neoblast,Motif_15,0.0
325,C10_Cathepsin+_cells,Motif_15,0.0
326,C12_Parapharyngeal,Motif_15,0.0
327,C13_Muscle,Motif_15,0.0
328,C15_Cathepsin+_cells,Motif_15,0.0
329,C16_Muscle,Motif_15,0.0
330,C17_Cathepsin+_cells,Motif_15,0.0
331,C18_Neural,Motif_15,0.0
332,C1_Neural,Motif_15,0.0
333,C21_Neural,Motif_15,1.0
334,C22_Neoblast,Motif_15,0.0
335,C23_Neural,Motif_15,1.0
336,C25_Pharynx,Motif_15,0.0
337,C26_Protonephridia,Motif_15,0.0
338,C27_Pharynx,Motif_15,0.0
339,C28_Cathepsin+_cells,Motif_15,0.0
340,C29_Protonephridia,Motif_15,0.0
341,C32_Neural,Motif_15,1.0
342,C33_Neural,Motif_15,1.0
343,C34_Neural,Motif_15,1.0
344,C36_Neural,Motif_15,1.0
345,C37_Pharynx,Motif_15,0.0
346,C38_Parapharyngeal,Motif_15,0.0
347,C40_Protonephridia,Motif_15,0.0
348,C42_Cathepsin+_cells,Motif_15,0.0
349,C43_Intestine,Motif_15,0.0
350,C5_Neoblast,Motif_15,1.0
351,C0_Neoblast,Motif_16,0.0
352,C10_Cathepsin+_cells,Motif_16,0.0
353,C12_Parapharyngeal,Motif_16,0.0
354,C13_Muscle,Motif_16,0.0
355,C15_Cathepsin+_cells,Motif_16,0.0
356,C16_Muscle,Motif_16,0.0
357,C17_Cathepsin+_cells,Motif_16,0.0
358,C18_Neural,Motif_16,0.0
359,C1_Neural,Motif_16,0.0
360,C21_Neural,Motif_16,0.0
361,C22_Neoblast,Motif_16,0.0
362,C23_Neural,Motif_16,0.0
363,C25_Pharynx,Motif_16,0.0
364,C26_Protonephridia,Motif_16,0.0
365,C27_Pharynx,Motif_16,0.0
366,C28_Cathepsin+_cells,Motif_16,0.0
367,C29_Protonephridia,Motif_16,0.0
368,C32_Neural,Motif_16,0.0
369,C33_Neural,Motif_16,0.0
370,C34_Neural,Motif_16,0.0
371,C36_Neural,Motif_16,0.0
372,C37_Pharynx,Motif_16,0.0
373,C38_Parapharyngeal,Motif_16,0.0
374,C40_Protonephridia,Motif_16,0.0
375,C42_Cathepsin+_cells,Motif_16,0.0
376,C43_Intestine,Motif_16,1.0
377,C5_Neoblast,Motif_16,1.0
378,C0_Neoblast,Motif_17,0.0
379,C10_Cathepsin+_cells,Motif_17,0.0
380,C12_Parapharyngeal,Motif_17,0.0
381,C13_Muscle,Motif_17,0.0
382,C15_Cathepsin+_cells,Motif_17,0.0
383,C16_Muscle,Motif_17,0.0
384,C17_Cathepsin+_cells,Motif_17,0.0
385,C18_Neural,Motif_17,1.0
386,C1_Neural,Motif_17,1.0
387,C21_Neural,Motif_17,1.0
388,C22_Neoblast,Motif_17,0.0
389,C23_Neural,Motif_17,1.0
390,C25_Pharynx,Motif_17,0.0
391,C26_Protonephridia,Motif_17,0.0
392,C27_Pharynx,Motif_17,0.0
393,C28_Cathepsin+_cells,Motif_17,0.0
394,C29_Protonephridia,Motif_17,0.0
395,C32_Neural,Motif_17,1.0
396,C33_Neural,Motif_17,1.0
397,C34_Neural,Motif_17,1.0
398,C36_Neural,Motif_17,1.0
399,C37_Pharynx,Motif_17,0.0
400,C38_Parapharyngeal,Motif_17,0.0
401,C40_Protonephridia,Motif_17,0.0
402,C42_Cathepsin+_cells,Motif_17,0.0
403,C43_Intestine,Motif_17,0.0
404,C5_Neoblast,Motif_17,1.0
405,C0_Neoblast,Motif_19,0.0
406,C10_Cathepsin+_cells,Motif_19,0.0
407,C12_Parapharyngeal,Motif_19,0.0
408,C13_Muscle,Motif_19,0.0
409,C15_Cathepsin+_cells,Motif_19,0.0
410,C16_Muscle,Motif_19,0.0
411,C17_Cathepsin+_cells,Motif_19,0.0
412,C18_Neural,Motif_19,1.0
413,C1_Neural,Motif_19,1.0
414,C21_Neural,Motif_19,1.0
415,C22_Neoblast,Motif_19,0.0
416,C23_Neural,Motif_19,1.0
417,C25_Pharynx,Motif_19,0.0
418,C26_Protonephridia,Motif_19,0.0
419,C27_Pharynx,Motif_19,0.0
420,C28_Cathepsin+_cells,Motif_19,0.0
421,C29_Protonephridia,Motif_19,0.0
422,C32_Neural,Motif_19,1.0
423,C33_Neural,Motif_19,1.0
424,C34_Neural,Motif_19,1.0
425,C36_Neural,Motif_19,1.0
426,C37_Pharynx,Motif_19,0.0
427,C38_Parapharyngeal,Motif_19,0.0
428,C40_Protonephridia,Motif_19,0.0
429,C42_Cathepsin+_cells,Motif_19,0.0
430,C43_Intestine,Motif_19,0.0
431,C5_Neoblast,Motif_19,0.0
432,C0_Neoblast,Motif_20,0.0
433,C10_Cathepsin+_cells,Motif_20,0.0
434,C12_Parapharyngeal,Motif_20,0.0
435,C13_Muscle,Motif_20,0.0
436,C15_Cathepsin+_cells,Motif_20,1.0
437,C16_Muscle,Motif_20,0.0
438,C17_Cathepsin+_cells,Motif_20,0.0
439,C18_Neural,Motif_20,1.0
440,C1_Neural,Motif_20,0.0
441,C21_Neural,Motif_20,1.0
442,C22_Neoblast,Motif_20,0.0
443,C23_Neural,Motif_20,1.0
444,C25_Pharynx,Motif_20,0.0
445,C26_Protonephridia,Motif_20,0.0
446,C27_Pharynx,Motif_20,0.0
447,C28_Cathepsin+_cells,Motif_20,1.0
448,C29_Protonephridia,Motif_20,0.0
449,C32_Neural,Motif_20,1.0
450,C33_Neural,Motif_20,1.0
451,C34_Neural,Motif_20,1.0
452,C36_Neural,Motif_20,1.0
453,C37_Pharynx,Motif_20,0.0
454,C38_Parapharyngeal,Motif_20,0.0
455,C40_Protonephridia,Motif_20,0.0
456,C42_Cathepsin+_cells,Motif_20,0.0
457,C43_Intestine,Motif_20,0.0
458,C5_Neoblast,Motif_20,0.0
459,C0_Neoblast,Motif_21,0.0
460,C10_Cathepsin+_cells,Motif_21,0.0
461,C12_Parapharyngeal,Motif_21,1.0
462,C13_Muscle,Motif_21,1.0
463,C15_Cathepsin+_cells,Motif_21,0.0
464,C16_Muscle,Motif_21,0.0
465,C17_Cathepsin+_cells,Motif_21,0.0
466,C18_Neural,Motif_21,0.0
467,C1_Neural,Motif_21,0.0
468,C21_Neural,Motif_21,0.0
469,C22_Neoblast,Motif_21,0.0
470,C23_Neural,Motif_21,0.0
471,C25_Pharynx,Motif_21,1.0
472,C26_Protonephridia,Motif_21,1.0
473,C27_Pharynx,Motif_21,1.0
474,C28_Cathepsin+_cells,Motif_21,0.0
475,C29_Protonephridia,Motif_21,1.0
476,C32_Neural,Motif_21,0.0
477,C33_Neural,Motif_21,0.0
478,C34_Neural,Motif_21,0.0
479,C36_Neural,Motif_21,0.0
480,C37_Pharynx,Motif_21,1.0
481,C38_Parapharyngeal,Motif_21,1.0
482,C40_Protonephridia,Motif_21,1.0
483,C42_Cathepsin+_cells,Motif_21,0.0
484,C43_Intestine,Motif_21,0.0
485,C5_Neoblast,Motif_21,0.0
486,C0_Neoblast,Motif_22,0.0
487,C10_Cathepsin+_cells,Motif_22,0.0
488,C12_Parapharyngeal,Motif_22,0.0
489,C13_Muscle,Motif_22,0.0
490,C15_Cathepsin+_cells,Motif_22,0.0
491,C16_Muscle,Motif_22,0.0
492,C17_Cathepsin+_cells,Motif_22,0.0
493,C18_Neural,Motif_22,0.0
494,C1_Neural,Motif_22,0.0
495,C21_Neural,Motif_22,0.0
496,C22_Neoblast,Motif_22,0.0
497,C23_Neural,Motif_22,0.0
498,C25_Pharynx,Motif_22,0.0
499,C26_Protonephridia,Motif_22,0.0
500,C27_Pharynx,Motif_22,0.0
501,C28_Cathepsin+_cells,Motif_22,0.0
502,C29_Protonephridia,Motif_22,0.0
503,C32_Neural,Motif_22,0.0
504,C33_Neural,Motif_22,0.0
505,C34_Neural,Motif_22,0.0
506,C36_Neural,Motif_22,0.0
507,C37_Pharynx,Motif_22,1.0
508,C38_Parapharyngeal,Motif_22,0.0
509,C40_Protonephridia,Motif_22,0.0
510,C42_Cathepsin+_cells,Motif_22,0.0
511,C43_Intestine,Motif_22,0.0
512,C5_Neoblast,Motif_22,0.0
513,C0_Neoblast,Motif_23,0.0
514,C10_Cathepsin+_cells,Motif_23,0.0
515,C12_Parapharyngeal,Motif_23,0.0
516,C13_Muscle,Motif_23,0.0
517,C15_Cathepsin+_cells,Motif_23,0.0
518,C16_Muscle,Motif_23,0.0
519,C17_Cathepsin+_cells,Motif_23,0.0
520,C18_Neural,Motif_23,0.0
521,C1_Neural,Motif_23,0.0
522,C21_Neural,Motif_23,0.0
523,C22_Neoblast,Motif_23,1.0
524,C23_Neural,Motif_23,0.0
525,C25_Pharynx,Motif_23,1.0
526,C26_Protonephridia,Motif_23,0.0
527,C27_Pharynx,Motif_23,0.0
528,C28_Cathepsin+_cells,Motif_23,0.0
529,C29_Protonephridia,Motif_23,0.0
530,C32_Neural,Motif_23,0.0
531,C33_Neural,Motif_23,0.0
532,C34_Neural,Motif_23,0.0
533,C36_Neural,Motif_23,0.0
534,C37_Pharynx,Motif_23,0.0
535,C38_Parapharyngeal,Motif_23,0.0
536,C40_Protonephridia,Motif_23,0.0
537,C42_Cathepsin+_cells,Motif_23,0.0
538,C43_Intestine,Motif_23,0.0
539,C5_Neoblast,Motif_23,0.0
540,C0_Neoblast,Motif_24,0.0
541,C10_Cathepsin+_cells,Motif_24,0.0
542,C12_Parapharyngeal,Motif_24,1.0
543,C13_Muscle,Motif_24,1.0
544,C15_Cathepsin+_cells,Motif_24,0.0
545,C16_Muscle,Motif_24,1.0
546,C17_Cathepsin+_cells,Motif_24,0.0
547,C18_Neural,Motif_24,0.0
548,C1_Neural,Motif_24,0.0
549,C21_Neural,Motif_24,0.0
550,C22_Neoblast,Motif_24,0.0
551,C23_Neural,Motif_24,0.0
552,C25_Pharynx,Motif_24,0.0
553,C26_Protonephridia,Motif_24,1.0
554,C27_Pharynx,Motif_24,1.0
555,C28_Cathepsin+_cells,Motif_24,0.0
556,C29_Protonephridia,Motif_24,1.0
557,C32_Neural,Motif_24,0.0
558,C33_Neural,Motif_24,0.0
559,C34_Neural,Motif_24,0.0
560,C36_Neural,Motif_24,0.0
561,C37_Pharynx,Motif_24,1.0
562,C38_Parapharyngeal,Motif_24,1.0
563,C40_Protonephridia,Motif_24,1.0
564,C42_Cathepsin+_cells,Motif_24,0.0
565,C43_Intestine,Motif_24,0.0
566,C5_Neoblast,Motif_24,0.0
567,C0_Neoblast,Motif_26,0.0
568,C10_Cathepsin+_cells,Motif_26,0.0
569,C12_Parapharyngeal,Motif_26,0.0
570,C13_Muscle,Motif_26,0.0
571,C15_Cathepsin+_cells,Motif_26,0.0
572,C16_Muscle,Motif_26,0.0
573,C17_Cathepsin+_cells,Motif_26,0.0
574,C18_Neural,Motif_26,0.0
575,C1_Neural,Motif_26,0.0
576,C21_Neural,Motif_26,0.0
577,C22_Neoblast,Motif_26,0.0
578,C23_Neural,Motif_26,0.0
579,C25_Pharynx,Motif_26,0.0
580,C26_Protonephridia,Motif_26,0.0
581,C27_Pharynx,Motif_26,0.0
582,C28_Cathepsin+_cells,Motif_26,0.0
583,C29_Protonephridia,Motif_26,0.0
584,C32_Neural,Motif_26,0.0
585,C33_Neural,Motif_26,0.0
586,C34_Neural,Motif_26,0.0
587,C36_Neural,Motif_26,0.0
588,C37_Pharynx,Motif_26,0.0
589,C38_Parapharyngeal,Motif_26,0.0
590,C40_Protonephridia,Motif_26,0.0
591,C42_Cathepsin+_cells,Motif_26,0.0
592,C43_Intestine,Motif_26,0.0
593,C5_Neoblast,Motif_26,0.0
594,C0_Neoblast,Motif_27,1.0
595,C10_Cathepsin+_cells,Motif_27,1.0
596,C12_Parapharyngeal,Motif_27,0.0
597,C13_Muscle,Motif_27,0.0
598,C15_Cathepsin+_cells,Motif_27,1.0
599,C16_Muscle,Motif_27,0.0
600,C17_Cathepsin+_cells,Motif_27,1.0
601,C18_Neural,Motif_27,0.0
602,C1_Neural,Motif_27,0.0
603,C21_Neural,Motif_27,0.0
604,C22_Neoblast,Motif_27,0.0
605,C23_Neural,Motif_27,0.0
606,C25_Pharynx,Motif_27,0.0
607,C26_Protonephridia,Motif_27,0.0
608,C27_Pharynx,Motif_27,0.0
609,C28_Cathepsin+_cells,Motif_27,1.0
610,C29_Protonephridia,Motif_27,0.0
611,C32_Neural,Motif_27,0.0
612,C33_Neural,Motif_27,0.0
613,C34_Neural,Motif_27,0.0
614,C36_Neural,Motif_27,0.0
615,C37_Pharynx,Motif_27,0.0
616,C38_Parapharyngeal,Motif_27,0.0
617,C40_Protonephridia,Motif_27,0.0
618,C42_Cathepsin+_cells,Motif_27,1.0
619,C43_Intestine,Motif_27,0.0
620,C5_Neoblast,Motif_27,0.0
621,C0_Neoblast,Motif_28,0.0
622,C10_Cathepsin+_cells,Motif_28,0.0
623,C12_Parapharyngeal,Motif_28,0.0
624,C13_Muscle,Motif_28,0.0
625,C15_Cathepsin+_cells,Motif_28,0.0
626,C16_Muscle,Motif_28,0.0
627,C17_Cathepsin+_cells,Motif_28,0.0
628,C18_Neural,Motif_28,0.0
629,C1_Neural,Motif_28,0.0
630,C21_Neural,Motif_28,0.0
631,C22_Neoblast,Motif_28,0.0
632,C23_Neural,Motif_28,0.0
633,C25_Pharynx,Motif_28,0.0
634,C26_Protonephridia,Motif_28,0.0
635,C27_Pharynx,Motif_28,0.0
636,C28_Cathepsin+_cells,Motif_28,0.0
637,C29_Protonephridia,Motif_28,0.0
638,C32_Neural,Motif_28,0.0
639,C33_Neural,Motif_28,0.0
640,C34_Neural,Motif_28,0.0
641,C36_Neural,Motif_28,0.0
642,C37_Pharynx,Motif_28,1.0
643,C38_Parapharyngeal,Motif_28,0.0
644,C40_Protonephridia,Motif_28,0.0
645,C42_Cathepsin+_cells,Motif_28,0.0
646,C43_Intestine,Motif_28,0.0
647,C5_Neoblast,Motif_28,0.0
648,C0_Neoblast,Motif_29,0.0
649,C10_Cathepsin+_cells,Motif_29,0.0
650,C12_Parapharyngeal,Motif_29,0.0
651,C13_Muscle,Motif_29,0.0
652,C15_Cathepsin+_cells,Motif_29,0.0
653,C16_Muscle,Motif_29,0.0
654,C17_Cathepsin+_cells,Motif_29,0.0
655,C18_Neural,Motif_29,0.0
656,C1_Neural,Motif_29,0.0
657,C21_Neural,Motif_29,0.0
658,C22_Neoblast,Motif_29,0.0
659,C23_Neural,Motif_29,0.0
660,C25_Pharynx,Motif_29,0.0
661,C26_Protonephridia,Motif_29,0.0
662,C27_Pharynx,Motif_29,0.0
663,C28_Cathepsin+_cells,Motif_29,0.0
664,C29_Protonephridia,Motif_29,0.0
665,C32_Neural,Motif_29,0.0
666,C33_Neural,Motif_29,0.0
667,C34_Neural,Motif_29,0.0
668,C36_Neural,Motif_29,0.0
669,C37_Pharynx,Motif_29,1.0
670,C38_Parapharyngeal,Motif_29,0.0
671,C40_Protonephridia,Motif_29,0.0
672,C42_Cathepsin+_cells,Motif_29,0.0
673,C43_Intestine,Motif_29,0.0
674,C5_Neoblast,Motif_29,0.0
675,C0_Neoblast,Motif_31,0.0
676,C10_Cathepsin+_cells,Motif_31,0.0
677,C12_Parapharyngeal,Motif_31,1.0
678,C13_Muscle,Motif_31,0.0
679,C15_Cathepsin+_cells,Motif_31,0.0
680,C16_Muscle,Motif_31,0.0
681,C17_Cathepsin+_cells,Motif_31,0.0
682,C18_Neural,Motif_31,0.0
683,C1_Neural,Motif_31,1.0
684,C21_Neural,Motif_31,0.0
685,C22_Neoblast,Motif_31,0.0
686,C23_Neural,Motif_31,0.0
687,C25_Pharynx,Motif_31,0.0
688,C26_Protonephridia,Motif_31,0.0
689,C27_Pharynx,Motif_31,0.0
690,C28_Cathepsin+_cells,Motif_31,0.0
691,C29_Protonephridia,Motif_31,1.0
692,C32_Neural,Motif_31,0.0
693,C33_Neural,Motif_31,0.0
694,C34_Neural,Motif_31,0.0
695,C36_Neural,Motif_31,0.0
696,C37_Pharynx,Motif_31,0.0
697,C38_Parapharyngeal,Motif_31,0.0
698,C40_Protonephridia,Motif_31,0.0
699,C42_Cathepsin+_cells,Motif_31,0.0
700,C43_Intestine,Motif_31,1.0
701,C5_Neoblast,Motif_31,1.0
702,C0_Neoblast,Motif_33,0.0
703,C10_Cathepsin+_cells,Motif_33,0.0
704,C12_Parapharyngeal,Motif_33,0.0
705,C13_Muscle,Motif_33,0.0
706,C15_Cathepsin+_cells,Motif_33,0.0
707,C16_Muscle,Motif_33,0.0
708,C17_Cathepsin+_cells,Motif_33,0.0
709,C18_Neural,Motif_33,1.0
710,C1_Neural,Motif_33,1.0
711,C21_Neural,Motif_33,1.0
712,C22_Neoblast,Motif_33,0.0
713,C23_Neural,Motif_33,1.0
714,C25_Pharynx,Motif_33,0.0
715,C26_Protonephridia,Motif_33,0.0
716,C27_Pharynx,Motif_33,0.0
717,C28_Cathepsin+_cells,Motif_33,0.0
718,C29_Protonephridia,Motif_33,0.0
719,C32_Neural,Motif_33,1.0
720,C33_Neural,Motif_33,1.0
721,C34_Neural,Motif_33,1.0
722,C36_Neural,Motif_33,1.0
723,C37_Pharynx,Motif_33,0.0
724,C38_Parapharyngeal,Motif_33,0.0
725,C40_Protonephridia,Motif_33,0.0
726,C42_Cathepsin+_cells,Motif_33,0.0
727,C43_Intestine,Motif_33,0.0
728,C5_Neoblast,Motif_33,1.0
729,C0_Neoblast,Motif_35,0.0
730,C10_Cathepsin+_cells,Motif_35,0.0
731,C12_Parapharyngeal,Motif_35,0.0
732,C13_Muscle,Motif_35,0.0
733,C15_Cathepsin+_cells,Motif_35,0.0
734,C16_Muscle,Motif_35,1.0
735,C17_Cathepsin+_cells,Motif_35,0.0
736,C18_Neural,Motif_35,0.0
737,C1_Neural,Motif_35,0.0
738,C21_Neural,Motif_35,0.0
739,C22_Neoblast,Motif_35,0.0
740,C23_Neural,Motif_35,0.0
741,C25_Pharynx,Motif_35,0.0
742,C26_Protonephridia,Motif_35,1.0
743,C27_Pharynx,Motif_35,0.0
744,C28_Cathepsin+_cells,Motif_35,0.0
745,C29_Protonephridia,Motif_35,1.0
746,C32_Neural,Motif_35,0.0
747,C33_Neural,Motif_35,0.0
748,C34_Neural,Motif_35,0.0
749,C36_Neural,Motif_35,0.0
750,C37_Pharynx,Motif_35,0.0
751,C38_Parapharyngeal,Motif_35,1.0
752,C40_Protonephridia,Motif_35,0.0
753,C42_Cathepsin+_cells,Motif_35,0.0
754,C43_Intestine,Motif_35,1.0
755,C5_Neoblast,Motif_35,0.0
756,C0_Neoblast,Motif_36,0.0
757,C10_Cathepsin+_cells,Motif_36,0.0
758,C12_Parapharyngeal,Motif_36,0.0
759,C13_Muscle,Motif_36,1.0
760,C15_Cathepsin+_cells,Motif_36,0.0
761,C16_Muscle,Motif_36,1.0
762,C17_Cathepsin+_cells,Motif_36,0.0
763,C18_Neural,Motif_36,0.0
764,C1_Neural,Motif_36,0.0
765,C21_Neural,Motif_36,0.0
766,C22_Neoblast,Motif_36,0.0
767,C23_Neural,Motif_36,0.0
768,C25_Pharynx,Motif_36,1.0
769,C26_Protonephridia,Motif_36,1.0
770,C27_Pharynx,Motif_36,1.0
771,C28_Cathepsin+_cells,Motif_36,0.0
772,C29_Protonephridia,Motif_36,1.0
773,C32_Neural,Motif_36,0.0
774,C33_Neural,Motif_36,0.0
775,C34_Neural,Motif_36,0.0
776,C36_Neural,Motif_36,0.0
777,C37_Pharynx,Motif_36,1.0
778,C38_Parapharyngeal,Motif_36,1.0
779,C40_Protonephridia,Motif_36,1.0
780,C42_Cathepsin+_cells,Motif_36,0.0
781,C43_Intestine,Motif_36,0.0
782,C5_Neoblast,Motif_36,0.0
783,C0_Neoblast,Motif_37,1.0
784,C10_Cathepsin+_cells,Motif_37,0.0
785,C12_Parapharyngeal,Motif_37,0.0
786,C13_Muscle,Motif_37,0.0
787,C15_Cathepsin+_cells,Motif_37,0.0
788,C16_Muscle,Motif_37,0.0
789,C17_Cathepsin+_cells,Motif_37,0.0
790,C18_Neural,Motif_37,0.0
791,C1_Neural,Motif_37,0.0
792,C21_Neural,Motif_37,0.0
793,C22_Neoblast,Motif_37,1.0
794,C23_Neural,Motif_37,0.0
795,C25_Pharynx,Motif_37,0.0
796,C26_Protonephridia,Motif_37,0.0
797,C27_Pharynx,Motif_37,0.0
798,C28_Cathepsin+_cells,Motif_37,0.0
799,C29_Protonephridia,Motif_37,0.0
800,C32_Neural,Motif_37,0.0
801,C33_Neural,Motif_37,0.0
802,C34_Neural,Motif_37,0.0
803,C36_Neural,Motif_37,0.0
804,C37_Pharynx,Motif_37,0.0
805,C38_Parapharyngeal,Motif_37,0.0
806,C40_Protonephridia,Motif_37,0.0
807,C42_Cathepsin+_cells,Motif_37,0.0
808,C43_Intestine,Motif_37,0.0
809,C5_Neoblast,Motif_37,0.0
810,C0_Neoblast,Motif_38,1.0
811,C10_Cathepsin+_cells,Motif_38,1.0
812,C12_Parapharyngeal,Motif_38,0.0
813,C13_Muscle,Motif_38,0.0
814,C15_Cathepsin+_cells,Motif_38,1.0
815,C16_Muscle,Motif_38,0.0
816,C17_Cathepsin+_cells,Motif_38,0.0
817,C18_Neural,Motif_38,0.0
818,C1_Neural,Motif_38,0.0
819,C21_Neural,Motif_38,0.0
820,C22_Neoblast,Motif_38,1.0
821,C23_Neural,Motif_38,0.0
822,C25_Pharynx,Motif_38,0.0
823,C26_Protonephridia,Motif_38,0.0
824,C27_Pharynx,Motif_38,0.0
825,C28_Cathepsin+_cells,Motif_38,1.0
826,C29_Protonephridia,Motif_38,0.0
827,C32_Neural,Motif_38,0.0
828,C33_Neural,Motif_38,0.0
829,C34_Neural,Motif_38,0.0
830,C36_Neural,Motif_38,0.0
831,C37_Pharynx,Motif_38,0.0
832,C38_Parapharyngeal,Motif_38,0.0
833,C40_Protonephridia,Motif_38,0.0
834,C42_Cathepsin+_cells,Motif_38,1.0
835,C43_Intestine,Motif_38,0.0
836,C5_Neoblast,Motif_38,0.0
837,C0_Neoblast,Motif_39,0.0
838,C10_Cathepsin+_cells,Motif_39,0.0
839,C12_Parapharyngeal,Motif_39,0.0
840,C13_Muscle,Motif_39,0.0
841,C15_Cathepsin+_cells,Motif_39,0.0
842,C16_Muscle,Motif_39,1.0
843,C17_Cathepsin+_cells,Motif_39,0.0
844,C18_Neural,Motif_39,0.0
845,C1_Neural,Motif_39,0.0
846,C21_Neural,Motif_39,0.0
847,C22_Neoblast,Motif_39,0.0
848,C23_Neural,Motif_39,0.0
849,C25_Pharynx,Motif_39,1.0
850,C26_Protonephridia,Motif_39,1.0
851,C27_Pharynx,Motif_39,0.0
852,C28_Cathepsin+_cells,Motif_39,0.0
853,C29_Protonephridia,Motif_39,0.0
854,C32_Neural,Motif_39,0.0
855,C33_Neural,Motif_39,0.0
856,C34_Neural,Motif_39,0.0
857,C36_Neural,Motif_39,0.0
858,C37_Pharynx,Motif_39,0.0
859,C38_Parapharyngeal,Motif_39,1.0
860,C40_Protonephridia,Motif_39,1.0
861,C42_Cathepsin+_cells,Motif_39,0.0
862,C43_Intestine,Motif_39,0.0
863,C5_Neoblast,Motif_39,0.0
864,C0_Neoblast,Motif_40,1.0
865,C10_Cathepsin+_cells,Motif_40,0.0
866,C12_Parapharyngeal,Motif_40,0.0
867,C13_Muscle,Motif_40,0.0
868,C15_Cathepsin+_cells,Motif_40,1.0
869,C16_Muscle,Motif_40,0.0
870,C17_Cathepsin+_cells,Motif_40,0.0
871,C18_Neural,Motif_40,0.0
872,C1_Neural,Motif_40,0.0
873,C21_Neural,Motif_40,0.0
874,C22_Neoblast,Motif_40,1.0
875,C23_Neural,Motif_40,0.0
876,C25_Pharynx,Motif_40,1.0
877,C26_Protonephridia,Motif_40,0.0
878,C27_Pharynx,Motif_40,0.0
879,C28_Cathepsin+_cells,Motif_40,0.0
880,C29_Protonephridia,Motif_40,0.0
881,C32_Neural,Motif_40,0.0
882,C33_Neural,Motif_40,0.0
883,C34_Neural,Motif_40,0.0
884,C36_Neural,Motif_40,0.0
885,C37_Pharynx,Motif_40,0.0
886,C38_Parapharyngeal,Motif_40,0.0
887,C40_Protonephridia,Motif_40,0.0
888,C42_Cathepsin+_cells,Motif_40,0.0
889,C43_Intestine,Motif_40,0.0
890,C5_Neoblast,Motif_40,0.0
891,C0_Neoblast,Motif_41,0.0
892,C10_Cathepsin+_cells,Motif_41,0.0
893,C12_Parapharyngeal,Motif_41,0.0
894,C13_Muscle,Motif_41,0.0
895,C15_Cathepsin+_cells,Motif_41,0.0
896,C16_Muscle,Motif_41,0.0
897,C17_Cathepsin+_cells,Motif_41,0.0
898,C18_Neural,Motif_41,1.0
899,C1_Neural,Motif_41,1.0
900,C21_Neural,Motif_41,1.0
901,C22_Neoblast,Motif_41,0.0
902,C23_Neural,Motif_41,1.0
903,C25_Pharynx,Motif_41,0.0
904,C26_Protonephridia,Motif_41,0.0
905,C27_Pharynx,Motif_41,0.0
906,C28_Cathepsin+_cells,Motif_41,0.0
907,C29_Protonephridia,Motif_41,0.0
908,C32_Neural,Motif_41,1.0
909,C33_Neural,Motif_41,1.0
910,C34_Neural,Motif_41,1.0
911,C36_Neural,Motif_41,1.0
912,C37_Pharynx,Motif_41,0.0
913,C38_Parapharyngeal,Motif_41,0.0
914,C40_Protonephridia,Motif_41,0.0
915,C42_Cathepsin+_cells,Motif_41,0.0
916,C43_Intestine,Motif_41,0.0
917,C5_Neoblast,Motif_41,1.0
918,C0_Neoblast,Motif_42,0.0
919,C10_Cathepsin+_cells,Motif_42,0.0
920,C12_Parapharyngeal,Motif_42,0.0
921,C13_Muscle,Motif_42,0.0
922,C15_Cathepsin+_cells,Motif_42,1.0
923,C16_Muscle,Motif_42,0.0
924,C17_Cathepsin+_cells,Motif_42,0.0
925,C18_Neural,Motif_42,0.0
926,C1_Neural,Motif_42,0.0
927,C21_Neural,Motif_42,0.0
928,C22_Neoblast,Motif_42,0.0
929,C23_Neural,Motif_42,0.0
930,C25_Pharynx,Motif_42,0.0
931,C26_Protonephridia,Motif_42,0.0
932,C27_Pharynx,Motif_42,0.0
933,C28_Cathepsin+_cells,Motif_42,0.0
934,C29_Protonephridia,Motif_42,0.0
935,C32_Neural,Motif_42,0.0
936,C33_Neural,Motif_42,0.0
937,C34_Neural,Motif_42,0.0
938,C36_Neural,Motif_42,0.0
939,C37_Pharynx,Motif_42,0.0
940,C38_Parapharyngeal,Motif_42,0.0
941,C40_Protonephridia,Motif_42,0.0
942,C42_Cathepsin+_cells,Motif_42,0.0
943,C43_Intestine,Motif_42,0.0
944,C5_Neoblast,Motif_42,0.0
945,C0_Neoblast,Motif_43,0.0
946,C10_Cathepsin+_cells,Motif_43,0.0
947,C12_Parapharyngeal,Motif_43,1.0
948,C13_Muscle,Motif_43,1.0
949,C15_Cathepsin+_cells,Motif_43,0.0
950,C16_Muscle,Motif_43,1.0
951,C17_Cathepsin+_cells,Motif_43,0.0
952,C18_Neural,Motif_43,0.0
953,C1_Neural,Motif_43,0.0
954,C21_Neural,Motif_43,0.0
955,C22_Neoblast,Motif_43,0.0
956,C23_Neural,Motif_43,0.0
957,C25_Pharynx,Motif_43,0.0
958,C26_Protonephridia,Motif_43,1.0
959,C27_Pharynx,Motif_43,1.0
960,C28_Cathepsin+_cells,Motif_43,0.0
961,C29_Protonephridia,Motif_43,1.0
962,C32_Neural,Motif_43,0.0
963,C33_Neural,Motif_43,0.0
964,C34_Neural,Motif_43,0.0
965,C36_Neural,Motif_43,0.0
966,C37_Pharynx,Motif_43,1.0
967,C38_Parapharyngeal,Motif_43,1.0
968,C40_Protonephridia,Motif_43,1.0
969,C42_Cathepsin+_cells,Motif_43,0.0
970,C43_Intestine,Motif_43,0.0
971,C5_Neoblast,Motif_43,0.0
972,C0_Neoblast,Motif_44,0.0
973,C10_Cathepsin+_cells,Motif_44,0.0
974,C12_Parapharyngeal,Motif_44,0.0
975,C13_Muscle,Motif_44,0.0
976,C15_Cathepsin+_cells,Motif_44,0.0
977,C16_Muscle,Motif_44,1.0
978,C17_Cathepsin+_cells,Motif_44,0.0
979,C18_Neural,Motif_44,0.0
980,C1_Neural,Motif_44,0.0
981,C21_Neural,Motif_44,0.0
982,C22_Neoblast,Motif_44,1.0
983,C23_Neural,Motif_44,0.0
984,C25_Pharynx,Motif_44,1.0
985,C26_Protonephridia,Motif_44,1.0
986,C27_Pharynx,Motif_44,1.0
987,C28_Cathepsin+_cells,Motif_44,0.0
988,C29_Protonephridia,Motif_44,0.0
989,C32_Neural,Motif_44,0.0
990,C33_Neural,Motif_44,0.0
991,C34_Neural,Motif_44,0.0
992,C36_Neural,Motif_44,0.0
993,C37_Pharynx,Motif_44,0.0
994,C38_Parapharyngeal,Motif_44,1.0
995,C40_Protonephridia,Motif_44,1.0
996,C42_Cathepsin+_cells,Motif_44,0.0
997,C43_Intestine,Motif_44,0.0
998,C5_Neoblast,Motif_44,0.0
999,C0_Neoblast,Motif_45,0.0
1000,C10_Cathepsin+_cells,Motif_45,0.0
1001,C12_Parapharyngeal,Motif_45,0.0
1002,C13_Muscle,Motif_45,0.0
1003,C15_Cathepsin+_cells,Motif_45,0.0
1004,C16_Muscle,Motif_45,0.0
1005,C17_Cathepsin+_cells,Motif_45,0.0
1006,C18_Neural,Motif_45,0.0
1007,C1_Neural,Motif_45,0.0
1008,C21_Neural,Motif_45,0.0
1009,C22_Neoblast,Motif_45,1.0
1010,C23_Neural,Motif_45,0.0
1011,C25_Pharynx,Motif_45,0.0
1012,C26_Protonephridia,Motif_45,0.0
1013,C27_Pharynx,Motif_45,0.0
1014,C28_Cathepsin+_cells,Motif_45,0.0
1015,C29_Protonephridia,Motif_45,0.0
1016,C32_Neural,Motif_45,0.0
1017,C33_Neural,Motif_45,0.0
1018,C34_Neural,Motif_45,0.0
1019,C36_Neural,Motif_45,0.0
1020,C37_Pharynx,Motif_45,0.0
1021,C38_Parapharyngeal,Motif_45,0.0
1022,C40_Protonephridia,Motif_45,0.0
1023,C42_Cathepsin+_cells,Motif_45,0.0
1024,C43_Intestine,Motif_45,0.0
1025,C5_Neoblast,Motif_45,0.0
1026,C0_Neoblast,Motif_46,0.0
1027,C10_Cathepsin+_cells,Motif_46,0.0
1028,C12_Parapharyngeal,Motif_46,0.0
1029,C13_Muscle,Motif_46,0.0
1030,C15_Cathepsin+_cells,Motif_46,0.0
1031,C16_Muscle,Motif_46,0.0
1032,C17_Cathepsin+_cells,Motif_46,0.0
1033,C18_Neural,Motif_46,1.0
1034,C1_Neural,Motif_46,1.0
1035,C21_Neural,Motif_46,1.0
1036,C22_Neoblast,Motif_46,0.0
1037,C23_Neural,Motif_46,1.0
1038,C25_Pharynx,Motif_46,0.0
1039,C26_Protonephridia,Motif_46,0.0
1040,C27_Pharynx,Motif_46,0.0
1041,C28_Cathepsin+_cells,Motif_46,0.0
1042,C29_Protonephridia,Motif_46,0.0
1043,C32_Neural,Motif_46,1.0
1044,C33_Neural,Motif_46,1.0
1045,C34_Neural,Motif_46,1.0
1046,C36_Neural,Motif_46,1.0
1047,C37_Pharynx,Motif_46,0.0
1048,C38_Parapharyngeal,Motif_46,0.0
1049,C40_Protonephridia,Motif_46,0.0
1050,C42_Cathepsin+_cells,Motif_46,0.0
1051,C43_Intestine,Motif_46,0.0
1052,C5_Neoblast,Motif_46,1.0
1053,C0_Neoblast,Motif_47,0.0
1054,C10_Cathepsin+_cells,Motif_47,0.0
1055,C12_Parapharyngeal,Motif_47,0.0
1056,C13_Muscle,Motif_47,0.0
1057,C15_Cathepsin+_cells,Motif_47,0.0
1058,C16_Muscle,Motif_47,0.0
1059,C17_Cathepsin+_cells,Motif_47,0.0
1060,C18_Neural,Motif_47,0.0
1061,C1_Neural,Motif_47,0.0
1062,C21_Neural,Motif_47,0.0
1063,C22_Neoblast,Motif_47,0.0
1064,C23_Neural,Motif_47,0.0
1065,C25_Pharynx,Motif_47,0.0
1066,C26_Protonephridia,Motif_47,0.0
1067,C27_Pharynx,Motif_47,0.0
1068,C28_Cathepsin+_cells,Motif_47,0.0
1069,C29_Protonephridia,Motif_47,0.0
1070,C32_Neural,Motif_47,0.0
1071,C33_Neural,Motif_47,0.0
1072,C34_Neural,Motif_47,0.0
1073,C36_Neural,Motif_47,0.0
1074,C37_Pharynx,Motif_47,0.0
1075,C38_Parapharyngeal,Motif_47,0.0
1076,C40_Protonephridia,Motif_47,0.0
1077,C42_Cathepsin+_cells,Motif_47,0.0
1078,C43_Intestine,Motif_47,0.0
1079,C5_Neoblast,Motif_47,0.0
1080,C0_Neoblast,Motif_49,0.0
1081,C10_Cathepsin+_cells,Motif_49,0.0
1082,C12_Parapharyngeal,Motif_49,0.0
1083,C13_Muscle,Motif_49,1.0
1084,C15_Cathepsin+_cells,Motif_49,0.0
1085,C16_Muscle,Motif_49,1.0
1086,C17_Cathepsin+_cells,Motif_49,0.0
1087,C18_Neural,Motif_49,0.0
1088,C1_Neural,Motif_49,0.0
1089,C21_Neural,Motif_49,0.0
1090,C22_Neoblast,Motif_49,0.0
1091,C23_Neural,Motif_49,0.0
1092,C25_Pharynx,Motif_49,1.0
1093,C26_Protonephridia,Motif_49,1.0
1094,C27_Pharynx,Motif_49,1.0
1095,C28_Cathepsin+_cells,Motif_49,0.0
1096,C29_Protonephridia,Motif_49,1.0
1097,C32_Neural,Motif_49,0.0
1098,C33_Neural,Motif_49,0.0
1099,C34_Neural,Motif_49,0.0
1100,C36_Neural,Motif_49,0.0
1101,C37_Pharynx,Motif_49,1.0
1102,C38_Parapharyngeal,Motif_49,1.0
1103,C40_Protonephridia,Motif_49,1.0
1104,C42_Cathepsin+_cells,Motif_49,0.0
1105,C43_Intestine,Motif_49,0.0
1106,C5_Neoblast,Motif_49,0.0
1107,C0_Neoblast,Motif_50,0.0
1108,C10_Cathepsin+_cells,Motif_50,0.0
1109,C12_Parapharyngeal,Motif_50,0.0
1110,C13_Muscle,Motif_50,1.0
1111,C15_Cathepsin+_cells,Motif_50,0.0
1112,C16_Muscle,Motif_50,1.0
1113,C17_Cathepsin+_cells,Motif_50,0.0
1114,C18_Neural,Motif_50,0.0
1115,C1_Neural,Motif_50,0.0
1116,C21_Neural,Motif_50,0.0
1117,C22_Neoblast,Motif_50,1.0
1118,C23_Neural,Motif_50,0.0
1119,C25_Pharynx,Motif_50,1.0
1120,C26_Protonephridia,Motif_50,1.0
1121,C27_Pharynx,Motif_50,1.0
1122,C28_Cathepsin+_cells,Motif_50,0.0
1123,C29_Protonephridia,Motif_50,0.0
1124,C32_Neural,Motif_50,0.0
1125,C33_Neural,Motif_50,0.0
1126,C34_Neural,Motif_50,0.0
1127,C36_Neural,Motif_50,0.0
1128,C37_Pharynx,Motif_50,1.0
1129,C38_Parapharyngeal,Motif_50,1.0
1130,C40_Protonephridia,Motif_50,1.0
1131,C42_Cathepsin+_cells,Motif_50,0.0
1132,C43_Intestine,Motif_50,0.0
1133,C5_Neoblast,Motif_50,0.0
1134,C0_Neoblast,Motif_51,0.0
1135,C10_Cathepsin+_cells,Motif_51,0.0
1136,C12_Parapharyngeal,Motif_51,0.0
1137,C13_Muscle,Motif_51,0.0
1138,C15_Cathepsin+_cells,Motif_51,0.0
1139,C16_Muscle,Motif_51,0.0
1140,C17_Cathepsin+_cells,Motif_51,0.0
1141,C18_Neural,Motif_51,0.0
1142,C1_Neural,Motif_51,0.0
1143,C21_Neural,Motif_51,0.0
1144,C22_Neoblast,Motif_51,0.0
1145,C23_Neural,Motif_51,0.0
1146,C25_Pharynx,Motif_51,0.0
1147,C26_Protonephridia,Motif_51,0.0
1148,C27_Pharynx,Motif_51,0.0
1149,C28_Cathepsin+_cells,Motif_51,0.0
1150,C29_Protonephridia,Motif_51,0.0
1151,C32_Neural,Motif_51,0.0
1152,C33_Neural,Motif_51,0.0
1153,C34_Neural,Motif_51,0.0
1154,C36_Neural,Motif_51,0.0
1155,C37_Pharynx,Motif_51,1.0
1156,C38_Parapharyngeal,Motif_51,0.0
1157,C40_Protonephridia,Motif_51,0.0
1158,C42_Cathepsin+_cells,Motif_51,0.0
1159,C43_Intestine,Motif_51,0.0
1160,C5_Neoblast,Motif_51,0.0
1161,C0_Neoblast,Motif_52,0.0
1162,C10_Cathepsin+_cells,Motif_52,0.0
1163,C12_Parapharyngeal,Motif_52,0.0
1164,C13_Muscle,Motif_52,0.0
1165,C15_Cathepsin+_cells,Motif_52,0.0
1166,C16_Muscle,Motif_52,1.0
1167,C17_Cathepsin+_cells,Motif_52,0.0
1168,C18_Neural,Motif_52,0.0
1169,C1_Neural,Motif_52,0.0
1170,C21_Neural,Motif_52,0.0
1171,C22_Neoblast,Motif_52,0.0
1172,C23_Neural,Motif_52,0.0
1173,C25_Pharynx,Motif_52,0.0
1174,C26_Protonephridia,Motif_52,1.0
1175,C27_Pharynx,Motif_52,0.0
1176,C28_Cathepsin+_cells,Motif_52,0.0
1177,C29_Protonephridia,Motif_52,0.0
1178,C32_Neural,Motif_52,0.0
1179,C33_Neural,Motif_52,0.0
1180,C34_Neural,Motif_52,0.0
1181,C36_Neural,Motif_52,0.0
1182,C37_Pharynx,Motif_52,0.0
1183,C38_Parapharyngeal,Motif_52,0.0
1184,C40_Protonephridia,Motif_52,0.0
1185,C42_Cathepsin+_cells,Motif_52,0.0
1186,C43_Intestine,Motif_52,1.0
1187,C5_Neoblast,Motif_52,0.0
1188,C0_Neoblast,Motif_53,0.0
1189,C10_Cathepsin+_cells,Motif_53,0.0
1190,C12_Parapharyngeal,Motif_53,0.0
1191,C13_Muscle,Motif_53,0.0
1192,C15_Cathepsin+_cells,Motif_53,0.0
1193,C16_Muscle,Motif_53,0.0
1194,C17_Cathepsin+_cells,Motif_53,0.0
1195,C18_Neural,Motif_53,0.0
1196,C1_Neural,Motif_53,0.0
1197,C21_Neural,Motif_53,0.0
1198,C22_Neoblast,Motif_53,0.0
1199,C23_Neural,Motif_53,0.0
1200,C25_Pharynx,Motif_53,0.0
1201,C26_Protonephridia,Motif_53,0.0
1202,C27_Pharynx,Motif_53,0.0
1203,C28_Cathepsin+_cells,Motif_53,0.0
1204,C29_Protonephridia,Motif_53,0.0
1205,C32_Neural,Motif_53,0.0
1206,C33_Neural,Motif_53,0.0
1207,C34_Neural,Motif_53,0.0
1208,C36_Neural,Motif_53,0.0
1209,C37_Pharynx,Motif_53,0.0
1210,C38_Parapharyngeal,Motif_53,0.0
1211,C40_Protonephridia,Motif_53,0.0
1212,C42_Cathepsin+_cells,Motif_53,0.0
1213,C43_Intestine,Motif_53,0.0
1214,C5_Neoblast,Motif_53,0.0
1215,C0_Neoblast,Motif_54,0.0
1216,C10_Cathepsin+_cells,Motif_54,1.0
1217,C12_Parapharyngeal,Motif_54,0.0
1218,C13_Muscle,Motif_54,0.0
1219,C15_Cathepsin+_cells,Motif_54,1.0
1220,C16_Muscle,Motif_54,0.0
1221,C17_Cathepsin+_cells,Motif_54,0.0
1222,C18_Neural,Motif_54,0.0
1223,C1_Neural,Motif_54,0.0
1224,C21_Neural,Motif_54,1.0
1225,C22_Neoblast,Motif_54,0.0
1226,C23_Neural,Motif_54,1.0
1227,C25_Pharynx,Motif_54,0.0
1228,C26_Protonephridia,Motif_54,0.0
1229,C27_Pharynx,Motif_54,0.0
1230,C28_Cathepsin+_cells,Motif_54,1.0
1231,C29_Protonephridia,Motif_54,0.0
1232,C32_Neural,Motif_54,1.0
1233,C33_Neural,Motif_54,1.0
1234,C34_Neural,Motif_54,1.0
1235,C36_Neural,Motif_54,1.0
1236,C37_Pharynx,Motif_54,0.0
1237,C38_Parapharyngeal,Motif_54,0.0
1238,C40_Protonephridia,Motif_54,0.0
1239,C42_Cathepsin+_cells,Motif_54,0.0
1240,C43_Intestine,Motif_54,0.0
1241,C5_Neoblast,Motif_54,0.0
1242,C0_Neoblast,Motif_55,1.0
1243,C10_Cathepsin+_cells,Motif_55,1.0
1244,C12_Parapharyngeal,Motif_55,0.0
1245,C13_Muscle,Motif_55,0.0
1246,C15_Cathepsin+_cells,Motif_55,1.0
1247,C16_Muscle,Motif_55,0.0
1248,C17_Cathepsin+_cells,Motif_55,1.0
1249,C18_Neural,Motif_55,0.0
1250,C1_Neural,Motif_55,0.0
1251,C21_Neural,Motif_55,0.0
1252,C22_Neoblast,Motif_55,0.0
1253,C23_Neural,Motif_55,0.0
1254,C25_Pharynx,Motif_55,0.0
1255,C26_Protonephridia,Motif_55,0.0
1256,C27_Pharynx,Motif_55,0.0
1257,C28_Cathepsin+_cells,Motif_55,1.0
1258,C29_Protonephridia,Motif_55,0.0
1259,C32_Neural,Motif_55,0.0
1260,C33_Neural,Motif_55,0.0
1261,C34_Neural,Motif_55,0.0
1262,C36_Neural,Motif_55,0.0
1263,C37_Pharynx,Motif_55,0.0
1264,C38_Parapharyngeal,Motif_55,0.0
1265,C40_Protonephridia,Motif_55,0.0
1266,C42_Cathepsin+_cells,Motif_55,1.0
1267,C43_Intestine,Motif_55,0.0
1268,C5_Neoblast,Motif_55,0.0
1269,C0_Neoblast,Motif_57,0.0
1270,C10_Cathepsin+_cells,Motif_57,0.0
1271,C12_Parapharyngeal,Motif_57,0.0
1272,C13_Muscle,Motif_57,0.0
1273,C15_Cathepsin+_cells,Motif_57,0.0
1274,C16_Muscle,Motif_57,0.0
1275,C17_Cathepsin+_cells,Motif_57,0.0
1276,C18_Neural,Motif_57,0.0
1277,C1_Neural,Motif_57,0.0
1278,C21_Neural,Motif_57,0.0
1279,C22_Neoblast,Motif_57,0.0
1280,C23_Neural,Motif_57,0.0
1281,C25_Pharynx,Motif_57,0.0
1282,C26_Protonephridia,Motif_57,0.0
1283,C27_Pharynx,Motif_57,0.0
1284,C28_Cathepsin+_cells,Motif_57,0.0
1285,C29_Protonephridia,Motif_57,0.0
1286,C32_Neural,Motif_57,0.0
1287,C33_Neural,Motif_57,0.0
1288,C34_Neural,Motif_57,0.0
1289,C36_Neural,Motif_57,0.0
1290,C37_Pharynx,Motif_57,0.0
1291,C38_Parapharyngeal,Motif_57,0.0
1292,C40_Protonephridia,Motif_57,0.0
1293,C42_Cathepsin+_cells,Motif_57,0.0
1294,C43_Intestine,Motif_57,0.0
1295,C5_Neoblast,Motif_57,0.0
1296,C0_Neoblast,Motif_58,0.0
1297,C10_Cathepsin+_cells,Motif_58,1.0
1298,C12_Parapharyngeal,Motif_58,0.0
1299,C13_Muscle,Motif_58,0.0
1300,C15_Cathepsin+_cells,Motif_58,1.0
1301,C16_Muscle,Motif_58,0.0
1302,C17_Cathepsin+_cells,Motif_58,0.0
1303,C18_Neural,Motif_58,0.0
1304,C1_Neural,Motif_58,0.0
1305,C21_Neural,Motif_58,1.0
1306,C22_Neoblast,Motif_58,0.0
1307,C23_Neural,Motif_58,1.0
1308,C25_Pharynx,Motif_58,0.0
1309,C26_Protonephridia,Motif_58,0.0
1310,C27_Pharynx,Motif_58,0.0
1311,C28_Cathepsin+_cells,Motif_58,0.0
1312,C29_Protonephridia,Motif_58,0.0
1313,C32_Neural,Motif_58,1.0
1314,C33_Neural,Motif_58,1.0
1315,C34_Neural,Motif_58,1.0
1316,C36_Neural,Motif_58,1.0
1317,C37_Pharynx,Motif_58,0.0
1318,C38_Parapharyngeal,Motif_58,0.0
1319,C40_Protonephridia,Motif_58,0.0
1320,C42_Cathepsin+_cells,Motif_58,0.0
1321,C43_Intestine,Motif_58,0.0
1322,C5_Neoblast,Motif_58,0.0
1323,C0_Neoblast,Motif_60,0.0
1324,C10_Cathepsin+_cells,Motif_60,0.0
1325,C12_Parapharyngeal,Motif_60,0.0
1326,C13_Muscle,Motif_60,1.0
1327,C15_Cathepsin+_cells,Motif_60,0.0
1328,C16_Muscle,Motif_60,1.0
1329,C17_Cathepsin+_cells,Motif_60,0.0
1330,C18_Neural,Motif_60,0.0
1331,C1_Neural,Motif_60,0.0
1332,C21_Neural,Motif_60,0.0
1333,C22_Neoblast,Motif_60,0.0
1334,C23_Neural,Motif_60,0.0
1335,C25_Pharynx,Motif_60,1.0
1336,C26_Protonephridia,Motif_60,1.0
1337,C27_Pharynx,Motif_60,1.0
1338,C28_Cathepsin+_cells,Motif_60,0.0
1339,C29_Protonephridia,Motif_60,1.0
1340,C32_Neural,Motif_60,0.0
1341,C33_Neural,Motif_60,0.0
1342,C34_Neural,Motif_60,0.0
1343,C36_Neural,Motif_60,0.0
1344,C37_Pharynx,Motif_60,1.0
1345,C38_Parapharyngeal,Motif_60,1.0
1346,C40_Protonephridia,Motif_60,1.0
1347,C42_Cathepsin+_cells,Motif_60,0.0
1348,C43_Intestine,Motif_60,0.0
1349,C5_Neoblast,Motif_60,0.0
1350,C0_Neoblast,Motif_63,0.0
1351,C10_Cathepsin+_cells,Motif_63,0.0
1352,C12_Parapharyngeal,Motif_63,0.0
1353,C13_Muscle,Motif_63,1.0
1354,C15_Cathepsin+_cells,Motif_63,0.0
1355,C16_Muscle,Motif_63,1.0
1356,C17_Cathepsin+_cells,Motif_63,0.0
1357,C18_Neural,Motif_63,0.0
1358,C1_Neural,Motif_63,0.0
1359,C21_Neural,Motif_63,0.0
1360,C22_Neoblast,Motif_63,0.0
1361,C23_Neural,Motif_63,0.0
1362,C25_Pharynx,Motif_63,1.0
1363,C26_Protonephridia,Motif_63,1.0
1364,C27_Pharynx,Motif_63,1.0
1365,C28_Cathepsin+_cells,Motif_63,0.0
1366,C29_Protonephridia,Motif_63,1.0
1367,C32_Neural,Motif_63,0.0
1368,C33_Neural,Motif_63,0.0
1369,C34_Neural,Motif_63,0.0
1370,C36_Neural,Motif_63,0.0
1371,C37_Pharynx,Motif_63,1.0
1372,C38_Parapharyngeal,Motif_63,1.0
1373,C40_Protonephridia,Motif_63,1.0
1374,C42_Cathepsin+_cells,Motif_63,0.0
1375,C43_Intestine,Motif_63,0.0
1376,C5_Neoblast,Motif_63,0.0
1377,C0_Neoblast,Motif_64,0.0
1378,C10_Cathepsin+_cells,Motif_64,0.0
1379,C12_Parapharyngeal,Motif_64,0.0
1380,C13_Muscle,Motif_64,1.0
1381,C15_Cathepsin+_cells,Motif_64,0.0
1382,C16_Muscle,Motif_64,1.0
1383,C17_Cathepsin+_cells,Motif_64,0.0
1384,C18_Neural,Motif_64,0.0
1385,C1_Neural,Motif_64,0.0
1386,C21_Neural,Motif_64,0.0
1387,C22_Neoblast,Motif_64,0.0
1388,C23_Neural,Motif_64,0.0
1389,C25_Pharynx,Motif_64,1.0
1390,C26_Protonephridia,Motif_64,1.0
1391,C27_Pharynx,Motif_64,1.0
1392,C28_Cathepsin+_cells,Motif_64,0.0
1393,C29_Protonephridia,Motif_64,1.0
1394,C32_Neural,Motif_64,0.0
1395,C33_Neural,Motif_64,0.0
1396,C34_Neural,Motif_64,0.0
1397,C36_Neural,Motif_64,0.0
1398,C37_Pharynx,Motif_64,1.0
1399,C38_Parapharyngeal,Motif_64,1.0
1400,C40_Protonephridia,Motif_64,1.0
1401,C42_Cathepsin+_cells,Motif_64,0.0
1402,C43_Intestine,Motif_64,0.0
1403,C5_Neoblast,Motif_64,0.0
1404,C0_Neoblast,Motif_65,0.0
1405,C10_Cathepsin+_cells,Motif_65,0.0
1406,C12_Parapharyngeal,Motif_65,0.0
1407,C13_Muscle,Motif_65,0.0
1408,C15_Cathepsin+_cells,Motif_65,0.0
1409,C16_Muscle,Motif_65,0.0
1410,C17_Cathepsin+_cells,Motif_65,0.0
1411,C18_Neural,Motif_65,0.0
1412,C1_Neural,Motif_65,0.0
1413,C21_Neural,Motif_65,0.0
1414,C22_Neoblast,Motif_65,0.0
1415,C23_Neural,Motif_65,0.0
1416,C25_Pharynx,Motif_65,0.0
1417,C26_Protonephridia,Motif_65,0.0
1418,C27_Pharynx,Motif_65,0.0
1419,C28_Cathepsin+_cells,Motif_65,0.0
1420,C29_Protonephridia,Motif_65,0.0
1421,C32_Neural,Motif_65,0.0
1422,C33_Neural,Motif_65,0.0
1423,C34_Neural,Motif_65,0.0
1424,C36_Neural,Motif_65,0.0
1425,C37_Pharynx,Motif_65,0.0
1426,C38_Parapharyngeal,Motif_65,0.0
1427,C40_Protonephridia,Motif_65,0.0
1428,C42_Cathepsin+_cells,Motif_65,0.0
1429,C43_Intestine,Motif_65,0.0
1430,C5_Neoblast,Motif_65,0.0
1431,C0_Neoblast,Motif_66,0.0
1432,C10_Cathepsin+_cells,Motif_66,0.0
1433,C12_Parapharyngeal,Motif_66,0.0
1434,C13_Muscle,Motif_66,0.0
1435,C15_Cathepsin+_cells,Motif_66,0.0
1436,C16_Muscle,Motif_66,0.0
1437,C17_Cathepsin+_cells,Motif_66,0.0
1438,C18_Neural,Motif_66,0.0
1439,C1_Neural,Motif_66,1.0
1440,C21_Neural,Motif_66,1.0
1441,C22_Neoblast,Motif_66,0.0
1442,C23_Neural,Motif_66,1.0
1443,C25_Pharynx,Motif_66,0.0
1444,C26_Protonephridia,Motif_66,0.0
1445,C27_Pharynx,Motif_66,0.0
1446,C28_Cathepsin+_cells,Motif_66,0.0
1447,C29_Protonephridia,Motif_66,0.0
1448,C32_Neural,Motif_66,1.0
1449,C33_Neural,Motif_66,1.0
1450,C34_Neural,Motif_66,1.0
1451,C36_Neural,Motif_66,1.0
1452,C37_Pharynx,Motif_66,0.0
1453,C38_Parapharyngeal,Motif_66,0.0
1454,C40_Protonephridia,Motif_66,0.0
1455,C42_Cathepsin+_cells,Motif_66,0.0
1456,C43_Intestine,Motif_66,1.0
1457,C5_Neoblast,Motif_66,0.0
1458,C0_Neoblast,Motif_68,0.0
1459,C10_Cathepsin+_cells,Motif_68,0.0
1460,C12_Parapharyngeal,Motif_68,0.0
1461,C13_Muscle,Motif_68,0.0
1462,C15_Cathepsin+_cells,Motif_68,0.0
1463,C16_Muscle,Motif_68,0.0
1464,C17_Cathepsin+_cells,Motif_68,1.0
1465,C18_Neural,Motif_68,1.0
1466,C1_Neural,Motif_68,0.0
1467,C21_Neural,Motif_68,1.0
1468,C22_Neoblast,Motif_68,0.0
1469,C23_Neural,Motif_68,1.0
1470,C25_Pharynx,Motif_68,0.0
1471,C26_Protonephridia,Motif_68,0.0
1472,C27_Pharynx,Motif_68,0.0
1473,C28_Cathepsin+_cells,Motif_68,1.0
1474,C29_Protonephridia,Motif_68,0.0
1475,C32_Neural,Motif_68,1.0
1476,C33_Neural,Motif_68,1.0
1477,C34_Neural,Motif_68,1.0
1478,C36_Neural,Motif_68,1.0
1479,C37_Pharynx,Motif_68,0.0
1480,C38_Parapharyngeal,Motif_68,0.0
1481,C40_Protonephridia,Motif_68,0.0
1482,C42_Cathepsin+_cells,Motif_68,0.0
1483,C43_Intestine,Motif_68,0.0
1484,C5_Neoblast,Motif_68,0.0
1485,C0_Neoblast,Motif_69,0.0
1486,C10_Cathepsin+_cells,Motif_69,0.0
1487,C12_Parapharyngeal,Motif_69,1.0
1488,C13_Muscle,Motif_69,1.0
1489,C15_Cathepsin+_cells,Motif_69,0.0
1490,C16_Muscle,Motif_69,0.0
1491,C17_Cathepsin+_cells,Motif_69,0.0
1492,C18_Neural,Motif_69,0.0
1493,C1_Neural,Motif_69,0.0
1494,C21_Neural,Motif_69,0.0
1495,C22_Neoblast,Motif_69,0.0
1496,C23_Neural,Motif_69,0.0
1497,C25_Pharynx,Motif_69,1.0
1498,C26_Protonephridia,Motif_69,0.0
1499,C27_Pharynx,Motif_69,1.0
1500,C28_Cathepsin+_cells,Motif_69,0.0
1501,C29_Protonephridia,Motif_69,1.0
1502,C32_Neural,Motif_69,0.0
1503,C33_Neural,Motif_69,0.0
1504,C34_Neural,Motif_69,0.0
1505,C36_Neural,Motif_69,0.0
1506,C37_Pharynx,Motif_69,1.0
1507,C38_Parapharyngeal,Motif_69,1.0
1508,C40_Protonephridia,Motif_69,0.0
1509,C42_Cathepsin+_cells,Motif_69,0.0
1510,C43_Intestine,Motif_69,1.0
1511,C5_Neoblast,Motif_69,0.0
1512,C0_Neoblast,Motif_70,0.0
1513,C10_Cathepsin+_cells,Motif_70,0.0
1514,C12_Parapharyngeal,Motif_70,0.0
1515,C13_Muscle,Motif_70,0.0
1516,C15_Cathepsin+_cells,Motif_70,0.0
1517,C16_Muscle,Motif_70,0.0
1518,C17_Cathepsin+_cells,Motif_70,0.0
1519,C18_Neural,Motif_70,1.0
1520,C1_Neural,Motif_70,1.0
1521,C21_Neural,Motif_70,1.0
1522,C22_Neoblast,Motif_70,0.0
1523,C23_Neural,Motif_70,1.0
1524,C25_Pharynx,Motif_70,0.0
1525,C26_Protonephridia,Motif_70,0.0
1526,C27_Pharynx,Motif_70,0.0
1527,C28_Cathepsin+_cells,Motif_70,0.0
1528,C29_Protonephridia,Motif_70,0.0
1529,C32_Neural,Motif_70,1.0
1530,C33_Neural,Motif_70,1.0
1531,C34_Neural,Motif_70,1.0
1532,C36_Neural,Motif_70,1.0
1533,C37_Pharynx,Motif_70,0.0
1534,C38_Parapharyngeal,Motif_70,0.0
1535,C40_Protonephridia,Motif_70,0.0
1536,C42_Cathepsin+_cells,Motif_70,0.0
1537,C43_Intestine,Motif_70,0.0
1538,C5_Neoblast,Motif_70,0.0
1539,C0_Neoblast,Motif_71,0.0
1540,C10_Cathepsin+_cells,Motif_71,1.0
1541,C12_Parapharyngeal,Motif_71,0.0
1542,C13_Muscle,Motif_71,0.0
1543,C15_Cathepsin+_cells,Motif_71,1.0
1544,C16_Muscle,Motif_71,0.0
1545,C17_Cathepsin+_cells,Motif_71,0.0
1546,C18_Neural,Motif_71,0.0
1547,C1_Neural,Motif_71,0.0
1548,C21_Neural,Motif_71,0.0
1549,C22_Neoblast,Motif_71,0.0
1550,C23_Neural,Motif_71,0.0
1551,C25_Pharynx,Motif_71,0.0
1552,C26_Protonephridia,Motif_71,0.0
1553,C27_Pharynx,Motif_71,0.0
1554,C28_Cathepsin+_cells,Motif_71,0.0
1555,C29_Protonephridia,Motif_71,0.0
1556,C32_Neural,Motif_71,0.0
1557,C33_Neural,Motif_71,0.0
1558,C34_Neural,Motif_71,0.0
1559,C36_Neural,Motif_71,0.0
1560,C37_Pharynx,Motif_71,0.0
1561,C38_Parapharyngeal,Motif_71,0.0
1562,C40_Protonephridia,Motif_71,0.0
1563,C42_Cathepsin+_cells,Motif_71,0.0
1564,C43_Intestine,Motif_71,0.0
1565,C5_Neoblast,Motif_71,0.0
1566,C0_Neoblast,Motif_73,0.0
1567,C10_Cathepsin+_cells,Motif_73,0.0
1568,C12_Parapharyngeal,Motif_73,1.0
1569,C13_Muscle,Motif_73,1.0
1570,C15_Cathepsin+_cells,Motif_73,0.0
1571,C16_Muscle,Motif_73,1.0
1572,C17_Cathepsin+_cells,Motif_73,0.0
1573,C18_Neural,Motif_73,0.0
1574,C1_Neural,Motif_73,0.0
1575,C21_Neural,Motif_73,0.0
1576,C22_Neoblast,Motif_73,0.0
1577,C23_Neural,Motif_73,0.0
1578,C25_Pharynx,Motif_73,0.0
1579,C26_Protonephridia,Motif_73,0.0
1580,C27_Pharynx,Motif_73,1.0
1581,C28_Cathepsin+_cells,Motif_73,0.0
1582,C29_Protonephridia,Motif_73,1.0
1583,C32_Neural,Motif_73,0.0
1584,C33_Neural,Motif_73,0.0
1585,C34_Neural,Motif_73,0.0
1586,C36_Neural,Motif_73,0.0
1587,C37_Pharynx,Motif_73,1.0
1588,C38_Parapharyngeal,Motif_73,1.0
1589,C40_Protonephridia,Motif_73,0.0
1590,C42_Cathepsin+_cells,Motif_73,0.0
1591,C43_Intestine,Motif_73,1.0
1592,C5_Neoblast,Motif_73,0.0
1593,C0_Neoblast,Motif_74,0.0
1594,C10_Cathepsin+_cells,Motif_74,0.0
1595,C12_Parapharyngeal,Motif_74,0.0
1596,C13_Muscle,Motif_74,0.0
1597,C15_Cathepsin+_cells,Motif_74,0.0
1598,C16_Muscle,Motif_74,0.0
1599,C17_Cathepsin+_cells,Motif_74,0.0
1600,C18_Neural,Motif_74,1.0
1601,C1_Neural,Motif_74,1.0
1602,C21_Neural,Motif_74,1.0
1603,C22_Neoblast,Motif_74,0.0
1604,C23_Neural,Motif_74,1.0
1605,C25_Pharynx,Motif_74,0.0
1606,C26_Protonephridia,Motif_74,0.0
1607,C27_Pharynx,Motif_74,0.0
1608,C28_Cathepsin+_cells,Motif_74,0.0
1609,C29_Protonephridia,Motif_74,0.0
1610,C32_Neural,Motif_74,1.0
1611,C33_Neural,Motif_74,1.0
1612,C34_Neural,Motif_74,1.0
1613,C36_Neural,Motif_74,1.0
1614,C37_Pharynx,Motif_74,0.0
1615,C38_Parapharyngeal,Motif_74,0.0
1616,C40_Protonephridia,Motif_74,0.0
1617,C42_Cathepsin+_cells,Motif_74,0.0
1618,C43_Intestine,Motif_74,0.0
1619,C5_Neoblast,Motif_74,0.0
1620,C0_Neoblast,Motif_75,0.0
1621,C10_Cathepsin+_cells,Motif_75,0.0
1622,C12_Parapharyngeal,Motif_75,0.0
1623,C13_Muscle,Motif_75,1.0
1624,C15_Cathepsin+_cells,Motif_75,0.0
1625,C16_Muscle,Motif_75,1.0
1626,C17_Cathepsin+_cells,Motif_75,0.0
1627,C18_Neural,Motif_75,0.0
1628,C1_Neural,Motif_75,0.0
1629,C21_Neural,Motif_75,0.0
1630,C22_Neoblast,Motif_75,0.0
1631,C23_Neural,Motif_75,0.0
1632,C25_Pharynx,Motif_75,1.0
1633,C26_Protonephridia,Motif_75,1.0
1634,C27_Pharynx,Motif_75,1.0
1635,C28_Cathepsin+_cells,Motif_75,0.0
1636,C29_Protonephridia,Motif_75,1.0
1637,C32_Neural,Motif_75,0.0
1638,C33_Neural,Motif_75,0.0
1639,C34_Neural,Motif_75,0.0
1640,C36_Neural,Motif_75,0.0
1641,C37_Pharynx,Motif_75,1.0
1642,C38_Parapharyngeal,Motif_75,1.0
1643,C40_Protonephridia,Motif_75,1.0
1644,C42_Cathepsin+_cells,Motif_75,0.0
1645,C43_Intestine,Motif_75,0.0
1646,C5_Neoblast,Motif_75,0.0
1647,C0_Neoblast,Motif_76,0.0
1648,C10_Cathepsin+_cells,Motif_76,0.0
1649,C12_Parapharyngeal,Motif_76,1.0
1650,C13_Muscle,Motif_76,1.0
1651,C15_Cathepsin+_cells,Motif_76,0.0
1652,C16_Muscle,Motif_76,1.0
1653,C17_Cathepsin+_cells,Motif_76,0.0
1654,C18_Neural,Motif_76,0.0
1655,C1_Neural,Motif_76,0.0
1656,C21_Neural,Motif_76,0.0
1657,C22_Neoblast,Motif_76,0.0
1658,C23_Neural,Motif_76,0.0
1659,C25_Pharynx,Motif_76,0.0
1660,C26_Protonephridia,Motif_76,1.0
1661,C27_Pharynx,Motif_76,1.0
1662,C28_Cathepsin+_cells,Motif_76,0.0
1663,C29_Protonephridia,Motif_76,1.0
1664,C32_Neural,Motif_76,0.0
1665,C33_Neural,Motif_76,0.0
1666,C34_Neural,Motif_76,0.0
1667,C36_Neural,Motif_76,0.0
1668,C37_Pharynx,Motif_76,1.0
1669,C38_Parapharyngeal,Motif_76,1.0
1670,C40_Protonephridia,Motif_76,1.0
1671,C42_Cathepsin+_cells,Motif_76,0.0
1672,C43_Intestine,Motif_76,0.0
1673,C5_Neoblast,Motif_76,0.0
1674,C0_Neoblast,Motif_77,0.0
1675,C10_Cathepsin+_cells,Motif_77,1.0
1676,C12_Parapharyngeal,Motif_77,0.0
1677,C13_Muscle,Motif_77,0.0
1678,C15_Cathepsin+_cells,Motif_77,1.0
1679,C16_Muscle,Motif_77,0.0
1680,C17_Cathepsin+_cells,Motif_77,1.0
1681,C18_Neural,Motif_77,0.0
1682,C1_Neural,Motif_77,0.0
1683,C21_Neural,Motif_77,1.0
1684,C22_Neoblast,Motif_77,0.0
1685,C23_Neural,Motif_77,0.0
1686,C25_Pharynx,Motif_77,0.0
1687,C26_Protonephridia,Motif_77,0.0
1688,C27_Pharynx,Motif_77,0.0
1689,C28_Cathepsin+_cells,Motif_77,1.0
1690,C29_Protonephridia,Motif_77,0.0
1691,C32_Neural,Motif_77,1.0
1692,C33_Neural,Motif_77,0.0
1693,C34_Neural,Motif_77,1.0
1694,C36_Neural,Motif_77,0.0
1695,C37_Pharynx,Motif_77,0.0
1696,C38_Parapharyngeal,Motif_77,0.0
1697,C40_Protonephridia,Motif_77,0.0
1698,C42_Cathepsin+_cells,Motif_77,1.0
1699,C43_Intestine,Motif_77,0.0
1700,C5_Neoblast,Motif_77,0.0
1701,C0_Neoblast,Motif_78,0.0
1702,C10_Cathepsin+_cells,Motif_78,0.0
1703,C12_Parapharyngeal,Motif_78,0.0
1704,C13_Muscle,Motif_78,0.0
1705,C15_Cathepsin+_cells,Motif_78,1.0
1706,C16_Muscle,Motif_78,0.0
1707,C17_Cathepsin+_cells,Motif_78,1.0
1708,C18_Neural,Motif_78,0.0
1709,C1_Neural,Motif_78,0.0
1710,C21_Neural,Motif_78,1.0
1711,C22_Neoblast,Motif_78,0.0
1712,C23_Neural,Motif_78,1.0
1713,C25_Pharynx,Motif_78,0.0
1714,C26_Protonephridia,Motif_78,0.0
1715,C27_Pharynx,Motif_78,0.0
1716,C28_Cathepsin+_cells,Motif_78,1.0
1717,C29_Protonephridia,Motif_78,0.0
1718,C32_Neural,Motif_78,1.0
1719,C33_Neural,Motif_78,1.0
1720,C34_Neural,Motif_78,1.0
1721,C36_Neural,Motif_78,1.0
1722,C37_Pharynx,Motif_78,0.0
1723,C38_Parapharyngeal,Motif_78,0.0
1724,C40_Protonephridia,Motif_78,0.0
1725,C42_Cathepsin+_cells,Motif_78,0.0
1726,C43_Intestine,Motif_78,0.0
1727,C5_Neoblast,Motif_78,0.0
1728,C0_Neoblast,Motif_80,0.0
1729,C10_Cathepsin+_cells,Motif_80,0.0
1730,C12_Parapharyngeal,Motif_80,0.0
1731,C13_Muscle,Motif_80,0.0
1732,C15_Cathepsin+_cells,Motif_80,0.0
1733,C16_Muscle,Motif_80,0.0
1734,C17_Cathepsin+_cells,Motif_80,0.0
1735,C18_Neural,Motif_80,0.0
1736,C1_Neural,Motif_80,0.0
1737,C21_Neural,Motif_80,0.0
1738,C22_Neoblast,Motif_80,0.0
1739,C23_Neural,Motif_80,0.0
1740,C25_Pharynx,Motif_80,0.0
1741,C26_Protonephridia,Motif_80,0.0
1742,C27_Pharynx,Motif_80,0.0
1743,C28_Cathepsin+_cells,Motif_80,0.0
1744,C29_Protonephridia,Motif_80,0.0
1745,C32_Neural,Motif_80,0.0
1746,C33_Neural,Motif_80,0.0
1747,C34_Neural,Motif_80,0.0
1748,C36_Neural,Motif_80,0.0
1749,C37_Pharynx,Motif_80,1.0
1750,C38_Parapharyngeal,Motif_80,0.0
1751,C40_Protonephridia,Motif_80,0.0
1752,C42_Cathepsin+_cells,Motif_80,0.0
1753,C43_Intestine,Motif_80,0.0
1754,C5_Neoblast,Motif_80,0.0
1755,C0_Neoblast,Motif_81,0.0
1756,C10_Cathepsin+_cells,Motif_81,0.0
1757,C12_Parapharyngeal,Motif_81,1.0
1758,C13_Muscle,Motif_81,1.0
1759,C15_Cathepsin+_cells,Motif_81,0.0
1760,C16_Muscle,Motif_81,1.0
1761,C17_Cathepsin+_cells,Motif_81,0.0
1762,C18_Neural,Motif_81,0.0
1763,C1_Neural,Motif_81,0.0
1764,C21_Neural,Motif_81,0.0
1765,C22_Neoblast,Motif_81,0.0
1766,C23_Neural,Motif_81,0.0
1767,C25_Pharynx,Motif_81,0.0
1768,C26_Protonephridia,Motif_81,1.0
1769,C27_Pharynx,Motif_81,1.0
1770,C28_Cathepsin+_cells,Motif_81,0.0
1771,C29_Protonephridia,Motif_81,1.0
1772,C32_Neural,Motif_81,0.0
1773,C33_Neural,Motif_81,0.0
1774,C34_Neural,Motif_81,0.0
1775,C36_Neural,Motif_81,0.0
1776,C37_Pharynx,Motif_81,1.0
1777,C38_Parapharyngeal,Motif_81,1.0
1778,C40_Protonephridia,Motif_81,1.0
1779,C42_Cathepsin+_cells,Motif_81,0.0
1780,C43_Intestine,Motif_81,0.0
1781,C5_Neoblast,Motif_81,0.0
1782,C0_Neoblast,Motif_82,0.0
1783,C10_Cathepsin+_cells,Motif_82,0.0
1784,C12_Parapharyngeal,Motif_82,0.0
1785,C13_Muscle,Motif_82,0.0
1786,C15_Cathepsin+_cells,Motif_82,0.0
1787,C16_Muscle,Motif_82,0.0
1788,C17_Cathepsin+_cells,Motif_82,0.0
1789,C18_Neural,Motif_82,0.0
1790,C1_Neural,Motif_82,0.0
1791,C21_Neural,Motif_82,0.0
1792,C22_Neoblast,Motif_82,1.0
1793,C23_Neural,Motif_82,0.0
1794,C25_Pharynx,Motif_82,0.0
1795,C26_Protonephridia,Motif_82,0.0
1796,C27_Pharynx,Motif_82,1.0
1797,C28_Cathepsin+_cells,Motif_82,0.0
1798,C29_Protonephridia,Motif_82,0.0
1799,C32_Neural,Motif_82,0.0
1800,C33_Neural,Motif_82,0.0
1801,C34_Neural,Motif_82,0.0
1802,C36_Neural,Motif_82,0.0
1803,C37_Pharynx,Motif_82,1.0
1804,C38_Parapharyngeal,Motif_82,0.0
1805,C40_Protonephridia,Motif_82,0.0
1806,C42_Cathepsin+_cells,Motif_82,0.0
1807,C43_Intestine,Motif_82,0.0
1808,C5_Neoblast,Motif_82,0.0
1809,C0_Neoblast,Motif_83,0.0
1810,C10_Cathepsin+_cells,Motif_83,0.0
1811,C12_Parapharyngeal,Motif_83,1.0
1812,C13_Muscle,Motif_83,1.0
1813,C15_Cathepsin+_cells,Motif_83,0.0
1814,C16_Muscle,Motif_83,0.0
1815,C17_Cathepsin+_cells,Motif_83,0.0
1816,C18_Neural,Motif_83,0.0
1817,C1_Neural,Motif_83,0.0
1818,C21_Neural,Motif_83,0.0
1819,C22_Neoblast,Motif_83,0.0
1820,C23_Neural,Motif_83,0.0
1821,C25_Pharynx,Motif_83,0.0
1822,C26_Protonephridia,Motif_83,0.0
1823,C27_Pharynx,Motif_83,0.0
1824,C28_Cathepsin+_cells,Motif_83,0.0
1825,C29_Protonephridia,Motif_83,1.0
1826,C32_Neural,Motif_83,0.0
1827,C33_Neural,Motif_83,0.0
1828,C34_Neural,Motif_83,0.0
1829,C36_Neural,Motif_83,0.0
1830,C37_Pharynx,Motif_83,0.0
1831,C38_Parapharyngeal,Motif_83,1.0
1832,C40_Protonephridia,Motif_83,0.0
1833,C42_Cathepsin+_cells,Motif_83,0.0
1834,C43_Intestine,Motif_83,1.0
1835,C5_Neoblast,Motif_83,0.0
1836,C0_Neoblast,Motif_84,1.0
1837,C10_Cathepsin+_cells,Motif_84,1.0
1838,C12_Parapharyngeal,Motif_84,0.0
1839,C13_Muscle,Motif_84,0.0
1840,C15_Cathepsin+_cells,Motif_84,1.0
1841,C16_Muscle,Motif_84,0.0
1842,C17_Cathepsin+_cells,Motif_84,0.0
1843,C18_Neural,Motif_84,0.0
1844,C1_Neural,Motif_84,0.0
1845,C21_Neural,Motif_84,0.0
1846,C22_Neoblast,Motif_84,1.0
1847,C23_Neural,Motif_84,0.0
1848,C25_Pharynx,Motif_84,0.0
1849,C26_Protonephridia,Motif_84,0.0
1850,C27_Pharynx,Motif_84,0.0
1851,C28_Cathepsin+_cells,Motif_84,1.0
1852,C29_Protonephridia,Motif_84,0.0
1853,C32_Neural,Motif_84,0.0
1854,C33_Neural,Motif_84,0.0
1855,C34_Neural,Motif_84,0.0
1856,C36_Neural,Motif_84,0.0
1857,C37_Pharynx,Motif_84,0.0
1858,C38_Parapharyngeal,Motif_84,0.0
1859,C40_Protonephridia,Motif_84,0.0
1860,C42_Cathepsin+_cells,Motif_84,1.0
1861,C43_Intestine,Motif_84,0.0
1862,C5_Neoblast,Motif_84,0.0
1863,C0_Neoblast,Motif_85,0.0
1864,C10_Cathepsin+_cells,Motif_85,0.0
1865,C12_Parapharyngeal,Motif_85,0.0
1866,C13_Muscle,Motif_85,0.0
1867,C15_Cathepsin+_cells,Motif_85,0.0
1868,C16_Muscle,Motif_85,0.0
1869,C17_Cathepsin+_cells,Motif_85,0.0
1870,C18_Neural,Motif_85,1.0
1871,C1_Neural,Motif_85,0.0
1872,C21_Neural,Motif_85,1.0
1873,C22_Neoblast,Motif_85,0.0
1874,C23_Neural,Motif_85,1.0
1875,C25_Pharynx,Motif_85,0.0
1876,C26_Protonephridia,Motif_85,0.0
1877,C27_Pharynx,Motif_85,0.0
1878,C28_Cathepsin+_cells,Motif_85,0.0
1879,C29_Protonephridia,Motif_85,0.0
1880,C32_Neural,Motif_85,1.0
1881,C33_Neural,Motif_85,1.0
1882,C34_Neural,Motif_85,1.0
1883,C36_Neural,Motif_85,1.0
1884,C37_Pharynx,Motif_85,0.0
1885,C38_Parapharyngeal,Motif_85,0.0
1886,C40_Protonephridia,Motif_85,0.0
1887,C42_Cathepsin+_cells,Motif_85,1.0
1888,C43_Intestine,Motif_85,0.0
1889,C5_Neoblast,Motif_85,0.0
1890,C0_Neoblast,Motif_86,1.0
1891,C10_Cathepsin+_cells,Motif_86,1.0
1892,C12_Parapharyngeal,Motif_86,0.0
1893,C13_Muscle,Motif_86,0.0
1894,C15_Cathepsin+_cells,Motif_86,1.0
1895,C16_Muscle,Motif_86,0.0
1896,C17_Cathepsin+_cells,Motif_86,0.0
1897,C18_Neural,Motif_86,0.0
1898,C1_Neural,Motif_86,0.0
1899,C21_Neural,Motif_86,0.0
1900,C22_Neoblast,Motif_86,1.0
1901,C23_Neural,Motif_86,0.0
1902,C25_Pharynx,Motif_86,0.0
1903,C26_Protonephridia,Motif_86,0.0
1904,C27_Pharynx,Motif_86,0.0
1905,C28_Cathepsin+_cells,Motif_86,0.0
1906,C29_Protonephridia,Motif_86,0.0
1907,C32_Neural,Motif_86,0.0
1908,C33_Neural,Motif_86,0.0
1909,C34_Neural,Motif_86,0.0
1910,C36_Neural,Motif_86,0.0
1911,C37_Pharynx,Motif_86,0.0
1912,C38_Parapharyngeal,Motif_86,0.0
1913,C40_Protonephridia,Motif_86,0.0
1914,C42_Cathepsin+_cells,Motif_86,0.0
1915,C43_Intestine,Motif_86,0.0
1916,C5_Neoblast,Motif_86,0.0
1917,C0_Neoblast,Motif_87,0.0
1918,C10_Cathepsin+_cells,Motif_87,0.0
1919,C12_Parapharyngeal,Motif_87,1.0
1920,C13_Muscle,Motif_87,1.0
1921,C15_Cathepsin+_cells,Motif_87,0.0
1922,C16_Muscle,Motif_87,0.0
1923,C17_Cathepsin+_cells,Motif_87,0.0
1924,C18_Neural,Motif_87,0.0
1925,C1_Neural,Motif_87,0.0
1926,C21_Neural,Motif_87,0.0
1927,C22_Neoblast,Motif_87,0.0
1928,C23_Neural,Motif_87,1.0
1929,C25_Pharynx,Motif_87,0.0
1930,C26_Protonephridia,Motif_87,0.0
1931,C27_Pharynx,Motif_87,0.0
1932,C28_Cathepsin+_cells,Motif_87,0.0
1933,C29_Protonephridia,Motif_87,1.0
1934,C32_Neural,Motif_87,0.0
1935,C33_Neural,Motif_87,1.0
1936,C34_Neural,Motif_87,0.0
1937,C36_Neural,Motif_87,0.0
1938,C37_Pharynx,Motif_87,0.0
1939,C38_Parapharyngeal,Motif_87,0.0
1940,C40_Protonephridia,Motif_87,0.0
1941,C42_Cathepsin+_cells,Motif_87,0.0
1942,C43_Intestine,Motif_87,1.0
1943,C5_Neoblast,Motif_87,1.0
1944,C0_Neoblast,Motif_90,0.0
1945,C10_Cathepsin+_cells,Motif_90,0.0
1946,C12_Parapharyngeal,Motif_90,0.0
1947,C13_Muscle,Motif_90,0.0
1948,C15_Cathepsin+_cells,Motif_90,0.0
1949,C16_Muscle,Motif_90,0.0
1950,C17_Cathepsin+_cells,Motif_90,1.0
1951,C18_Neural,Motif_90,1.0
1952,C1_Neural,Motif_90,0.0
1953,C21_Neural,Motif_90,1.0
1954,C22_Neoblast,Motif_90,0.0
1955,C23_Neural,Motif_90,0.0
1956,C25_Pharynx,Motif_90,0.0
1957,C26_Protonephridia,Motif_90,0.0
1958,C27_Pharynx,Motif_90,0.0
1959,C28_Cathepsin+_cells,Motif_90,1.0
1960,C29_Protonephridia,Motif_90,0.0
1961,C32_Neural,Motif_90,1.0
1962,C33_Neural,Motif_90,0.0
1963,C34_Neural,Motif_90,1.0
1964,C36_Neural,Motif_90,1.0
1965,C37_Pharynx,Motif_90,0.0
1966,C38_Parapharyngeal,Motif_90,0.0
1967,C40_Protonephridia,Motif_90,0.0
1968,C42_Cathepsin+_cells,Motif_90,1.0
1969,C43_Intestine,Motif_90,0.0
1970,C5_Neoblast,Motif_90,0.0
1971,C0_Neoblast,Motif_91,0.0
1972,C10_Cathepsin+_cells,Motif_91,1.0
1973,C12_Parapharyngeal,Motif_91,0.0
1974,C13_Muscle,Motif_91,0.0
1975,C15_Cathepsin+_cells,Motif_91,1.0
1976,C16_Muscle,Motif_91,0.0
1977,C17_Cathepsin+_cells,Motif_91,1.0
1978,C18_Neural,Motif_91,0.0
1979,C1_Neural,Motif_91,0.0
1980,C21_Neural,Motif_91,0.0
1981,C22_Neoblast,Motif_91,0.0
1982,C23_Neural,Motif_91,1.0
1983,C25_Pharynx,Motif_91,0.0
1984,C26_Protonephridia,Motif_91,0.0
1985,C27_Pharynx,Motif_91,0.0
1986,C28_Cathepsin+_cells,Motif_91,1.0
1987,C29_Protonephridia,Motif_91,0.0
1988,C32_Neural,Motif_91,1.0
1989,C33_Neural,Motif_91,1.0
1990,C34_Neural,Motif_91,1.0
1991,C36_Neural,Motif_91,1.0
1992,C37_Pharynx,Motif_91,0.0
1993,C38_Parapharyngeal,Motif_91,0.0
1994,C40_Protonephridia,Motif_91,0.0
1995,C42_Cathepsin+_cells,Motif_91,0.0
1996,C43_Intestine,Motif_91,0.0
1997,C5_Neoblast,Motif_91,0.0
1998,C0_Neoblast,Motif_92,0.0
1999,C10_Cathepsin+_cells,Motif_92,0.0
2000,C12_Parapharyngeal,Motif_92,0.0
2001,C13_Muscle,Motif_92,0.0
2002,C15_Cathepsin+_cells,Motif_92,0.0
2003,C16_Muscle,Motif_92,0.0
2004,C17_Cathepsin+_cells,Motif_92,0.0
2005,C18_Neural,Motif_92,1.0
2006,C1_Neural,Motif_92,1.0
2007,C21_Neural,Motif_92,1.0
2008,C22_Neoblast,Motif_92,0.0
2009,C23_Neural,Motif_92,1.0
2010,C25_Pharynx,Motif_92,0.0
2011,C26_Protonephridia,Motif_92,0.0
2012,C27_Pharynx,Motif_92,0.0
2013,C28_Cathepsin+_cells,Motif_92,0.0
2014,C29_Protonephridia,Motif_92,0.0
2015,C32_Neural,Motif_92,1.0
2016,C33_Neural,Motif_92,1.0
2017,C34_Neural,Motif_92,1.0
2018,C36_Neural,Motif_92,1.0
2019,C37_Pharynx,Motif_92,0.0
2020,C38_Parapharyngeal,Motif_92,0.0
2021,C40_Protonephridia,Motif_92,0.0
2022,C42_Cathepsin+_cells,Motif_92,0.0
2023,C43_Intestine,Motif_92,0.0
2024,C5_Neoblast,Motif_92,1.0
2025,C0_Neoblast,Motif_93,0.0
2026,C10_Cathepsin+_cells,Motif_93,0.0
2027,C12_Parapharyngeal,Motif_93,0.0
2028,C13_Muscle,Motif_93,1.0
2029,C15_Cathepsin+_cells,Motif_93,0.0
2030,C16_Muscle,Motif_93,1.0
2031,C17_Cathepsin+_cells,Motif_93,0.0
2032,C18_Neural,Motif_93,0.0
2033,C1_Neural,Motif_93,0.0
2034,C21_Neural,Motif_93,0.0
2035,C22_Neoblast,Motif_93,0.0
2036,C23_Neural,Motif_93,0.0
2037,C25_Pharynx,Motif_93,1.0
2038,C26_Protonephridia,Motif_93,1.0
2039,C27_Pharynx,Motif_93,1.0
2040,C28_Cathepsin+_cells,Motif_93,0.0
2041,C29_Protonephridia,Motif_93,1.0
2042,C32_Neural,Motif_93,0.0
2043,C33_Neural,Motif_93,0.0
2044,C34_Neural,Motif_93,0.0
2045,C36_Neural,Motif_93,0.0
2046,C37_Pharynx,Motif_93,1.0
2047,C38_Parapharyngeal,Motif_93,1.0
2048,C40_Protonephridia,Motif_93,1.0
2049,C42_Cathepsin+_cells,Motif_93,0.0
2050,C43_Intestine,Motif_93,0.0
2051,C5_Neoblast,Motif_93,0.0
2052,C0_Neoblast,Motif_94,0.0
2053,C10_Cathepsin+_cells,Motif_94,0.0
2054,C12_Parapharyngeal,Motif_94,0.0
2055,C13_Muscle,Motif_94,1.0
2056,C15_Cathepsin+_cells,Motif_94,0.0
2057,C16_Muscle,Motif_94,1.0
2058,C17_Cathepsin+_cells,Motif_94,0.0
2059,C18_Neural,Motif_94,0.0
2060,C1_Neural,Motif_94,0.0
2061,C21_Neural,Motif_94,0.0
2062,C22_Neoblast,Motif_94,0.0
2063,C23_Neural,Motif_94,0.0
2064,C25_Pharynx,Motif_94,1.0
2065,C26_Protonephridia,Motif_94,1.0
2066,C27_Pharynx,Motif_94,1.0
2067,C28_Cathepsin+_cells,Motif_94,0.0
2068,C29_Protonephridia,Motif_94,1.0
2069,C32_Neural,Motif_94,0.0
2070,C33_Neural,Motif_94,0.0
2071,C34_Neural,Motif_94,0.0
2072,C36_Neural,Motif_94,0.0
2073,C37_Pharynx,Motif_94,1.0
2074,C38_Parapharyngeal,Motif_94,1.0
2075,C40_Protonephridia,Motif_94,1.0
2076,C42_Cathepsin+_cells,Motif_94,0.0
2077,C43_Intestine,Motif_94,0.0
2078,C5_Neoblast,Motif_94,0.0
2079,C0_Neoblast,Motif_95,0.0
2080,C10_Cathepsin+_cells,Motif_95,0.0
2081,C12_Parapharyngeal,Motif_95,1.0
2082,C13_Muscle,Motif_95,1.0
2083,C15_Cathepsin+_cells,Motif_95,0.0
2084,C16_Muscle,Motif_95,1.0
2085,C17_Cathepsin+_cells,Motif_95,0.0
2086,C18_Neural,Motif_95,0.0
2087,C1_Neural,Motif_95,0.0
2088,C21_Neural,Motif_95,0.0
2089,C22_Neoblast,Motif_95,0.0
2090,C23_Neural,Motif_95,0.0
2091,C25_Pharynx,Motif_95,0.0
2092,C26_Protonephridia,Motif_95,1.0
2093,C27_Pharynx,Motif_95,1.0
2094,C28_Cathepsin+_cells,Motif_95,0.0
2095,C29_Protonephridia,Motif_95,1.0
2096,C32_Neural,Motif_95,0.0
2097,C33_Neural,Motif_95,0.0
2098,C34_Neural,Motif_95,0.0
2099,C36_Neural,Motif_95,0.0
2100,C37_Pharynx,Motif_95,1.0
2101,C38_Parapharyngeal,Motif_95,1.0
2102,C40_Protonephridia,Motif_95,1.0
2103,C42_Cathepsin+_cells,Motif_95,0.0
2104,C43_Intestine,Motif_95,0.0
2105,C5_Neoblast,Motif_95,0.0
2106,C0_Neoblast,Motif_97,0.0
2107,C10_Cathepsin+_cells,Motif_97,0.0
2108,C12_Parapharyngeal,Motif_97,1.0
2109,C13_Muscle,Motif_97,1.0
2110,C15_Cathepsin+_cells,Motif_97,0.0
2111,C16_Muscle,Motif_97,1.0
2112,C17_Cathepsin+_cells,Motif_97,0.0
2113,C18_Neural,Motif_97,0.0
2114,C1_Neural,Motif_97,0.0
2115,C21_Neural,Motif_97,0.0
2116,C22_Neoblast,Motif_97,0.0
2117,C23_Neural,Motif_97,0.0
2118,C25_Pharynx,Motif_97,0.0
2119,C26_Protonephridia,Motif_97,1.0
2120,C27_Pharynx,Motif_97,1.0
2121,C28_Cathepsin+_cells,Motif_97,0.0
2122,C29_Protonephridia,Motif_97,1.0
2123,C32_Neural,Motif_97,0.0
2124,C33_Neural,Motif_97,0.0
2125,C34_Neural,Motif_97,0.0
2126,C36_Neural,Motif_97,0.0
2127,C37_Pharynx,Motif_97,1.0
2128,C38_Parapharyngeal,Motif_97,1.0
2129,C40_Protonephridia,Motif_97,1.0
2130,C42_Cathepsin+_cells,Motif_97,0.0
2131,C43_Intestine,Motif_97,0.0
2132,C5_Neoblast,Motif_97,0.0
2133,C0_Neoblast,Motif_98,0.0
2134,C10_Cathepsin+_cells,Motif_98,0.0
2135,C12_Parapharyngeal,Motif_98,1.0
2136,C13_Muscle,Motif_98,0.0
2137,C15_Cathepsin+_cells,Motif_98,0.0
2138,C16_Muscle,Motif_98,0.0
2139,C17_Cathepsin+_cells,Motif_98,0.0
2140,C18_Neural,Motif_98,0.0
2141,C1_Neural,Motif_98,0.0
2142,C21_Neural,Motif_98,0.0
2143,C22_Neoblast,Motif_98,0.0
2144,C23_Neural,Motif_98,0.0
2145,C25_Pharynx,Motif_98,1.0
2146,C26_Protonephridia,Motif_98,1.0
2147,C27_Pharynx,Motif_98,0.0
2148,C28_Cathepsin+_cells,Motif_98,0.0
2149,C29_Protonephridia,Motif_98,1.0
2150,C32_Neural,Motif_98,0.0
2151,C33_Neural,Motif_98,0.0
2152,C34_Neural,Motif_98,0.0
2153,C36_Neural,Motif_98,0.0
2154,C37_Pharynx,Motif_98,0.0
2155,C38_Parapharyngeal,Motif_98,0.0
2156,C40_Protonephridia,Motif_98,0.0
2157,C42_Cathepsin+_cells,Motif_98,0.0
2158,C43_Intestine,Motif_98,1.0
2159,C5_Neoblast,Motif_98,0.0
2160,C0_Neoblast,Motif_99,1.0
2161,C10_Cathepsin+_cells,Motif_99,1.0
2162,C12_Parapharyngeal,Motif_99,0.0
2163,C13_Muscle,Motif_99,0.0
2164,C15_Cathepsin+_cells,Motif_99,1.0
2165,C16_Muscle,Motif_99,0.0
2166,C17_Cathepsin+_cells,Motif_99,1.0
2167,C18_Neural,Motif_99,0.0
2168,C1_Neural,Motif_99,0.0
2169,C21_Neural,Motif_99,0.0
2170,C22_Neoblast,Motif_99,0.0
2171,C23_Neural,Motif_99,0.0
2172,C25_Pharynx,Motif_99,0.0
2173,C26_Protonephridia,Motif_99,0.0
2174,C27_Pharynx,Motif_99,0.0
2175,C28_Cathepsin+_cells,Motif_99,1.0
2176,C29_Protonephridia,Motif_99,0.0
2177,C32_Neural,Motif_99,0.0
2178,C33_Neural,Motif_99,0.0
2179,C34_Neural,Motif_99,1.0
2180,C36_Neural,Motif_99,0.0
2181,C37_Pharynx,Motif_99,0.0
2182,C38_Parapharyngeal,Motif_99,0.0
2183,C40_Protonephridia,Motif_99,0.0
2184,C42_Cathepsin+_cells,Motif_99,1.0
2185,C43_Intestine,Motif_99,0.0
2186,C5_Neoblast,Motif_99,0.0
2187,C0_Neoblast,Motif_100,0.0
2188,C10_Cathepsin+_cells,Motif_100,0.0
2189,C12_Parapharyngeal,Motif_100,0.0
2190,C13_Muscle,Motif_100,0.0
2191,C15_Cathepsin+_cells,Motif_100,0.0
2192,C16_Muscle,Motif_100,0.0
2193,C17_Cathepsin+_cells,Motif_100,0.0
2194,C18_Neural,Motif_100,1.0
2195,C1_Neural,Motif_100,1.0
2196,C21_Neural,Motif_100,1.0
2197,C22_Neoblast,Motif_100,0.0
2198,C23_Neural,Motif_100,1.0
2199,C25_Pharynx,Motif_100,0.0
2200,C26_Protonephridia,Motif_100,0.0
2201,C27_Pharynx,Motif_100,0.0
2202,C28_Cathepsin+_cells,Motif_100,0.0
2203,C29_Protonephridia,Motif_100,0.0
2204,C32_Neural,Motif_100,1.0
2205,C33_Neural,Motif_100,1.0
2206,C34_Neural,Motif_100,1.0
2207,C36_Neural,Motif_100,1.0
2208,C37_Pharynx,Motif_100,0.0
2209,C38_Parapharyngeal,Motif_100,0.0
2210,C40_Protonephridia,Motif_100,0.0
2211,C42_Cathepsin+_cells,Motif_100,0.0
2212,C43_Intestine,Motif_100,0.0
2213,C5_Neoblast,Motif_100,1.0
2214,C0_Neoblast,Motif_101,0.0
2215,C10_Cathepsin+_cells,Motif_101,0.0
2216,C12_Parapharyngeal,Motif_101,1.0
2217,C13_Muscle,Motif_101,1.0
2218,C15_Cathepsin+_cells,Motif_101,0.0
2219,C16_Muscle,Motif_101,1.0
2220,C17_Cathepsin+_cells,Motif_101,0.0
2221,C18_Neural,Motif_101,0.0
2222,C1_Neural,Motif_101,0.0
2223,C21_Neural,Motif_101,0.0
2224,C22_Neoblast,Motif_101,0.0
2225,C23_Neural,Motif_101,0.0
2226,C25_Pharynx,Motif_101,0.0
2227,C26_Protonephridia,Motif_101,1.0
2228,C27_Pharynx,Motif_101,1.0
2229,C28_Cathepsin+_cells,Motif_101,0.0
2230,C29_Protonephridia,Motif_101,1.0
2231,C32_Neural,Motif_101,0.0
2232,C33_Neural,Motif_101,0.0
2233,C34_Neural,Motif_101,0.0
2234,C36_Neural,Motif_101,0.0
2235,C37_Pharynx,Motif_101,1.0
2236,C38_Parapharyngeal,Motif_101,1.0
2237,C40_Protonephridia,Motif_101,1.0
2238,C42_Cathepsin+_cells,Motif_101,0.0
2239,C43_Intestine,Motif_101,0.0
2240,C5_Neoblast,Motif_101,0.0
2241,C0_Neoblast,Motif_102,0.0
2242,C10_Cathepsin+_cells,Motif_102,0.0
2243,C12_Parapharyngeal,Motif_102,0.0
2244,C13_Muscle,Motif_102,0.0
2245,C15_Cathepsin+_cells,Motif_102,0.0
2246,C16_Muscle,Motif_102,0.0
2247,C17_Cathepsin+_cells,Motif_102,0.0
2248,C18_Neural,Motif_102,0.0
2249,C1_Neural,Motif_102,0.0
2250,C21_Neural,Motif_102,0.0
2251,C22_Neoblast,Motif_102,0.0
2252,C23_Neural,Motif_102,0.0
2253,C25_Pharynx,Motif_102,0.0
2254,C26_Protonephridia,Motif_102,0.0
2255,C27_Pharynx,Motif_102,0.0
2256,C28_Cathepsin+_cells,Motif_102,0.0
2257,C29_Protonephridia,Motif_102,0.0
2258,C32_Neural,Motif_102,0.0
2259,C33_Neural,Motif_102,0.0
2260,C34_Neural,Motif_102,0.0
2261,C36_Neural,Motif_102,0.0
2262,C37_Pharynx,Motif_102,0.0
2263,C38_Parapharyngeal,Motif_102,0.0
2264,C40_Protonephridia,Motif_102,0.0
2265,C42_Cathepsin+_cells,Motif_102,0.0
2266,C43_Intestine,Motif_102,0.0
2267,C5_Neoblast,Motif_102,0.0
2268,C0_Neoblast,Motif_103,0.0
2269,C10_Cathepsin+_cells,Motif_103,0.0
2270,C12_Parapharyngeal,Motif_103,0.0
2271,C13_Muscle,Motif_103,0.0
2272,C15_Cathepsin+_cells,Motif_103,0.0
2273,C16_Muscle,Motif_103,0.0
2274,C17_Cathepsin+_cells,Motif_103,0.0
2275,C18_Neural,Motif_103,0.0
2276,C1_Neural,Motif_103,0.0
2277,C21_Neural,Motif_103,0.0
2278,C22_Neoblast,Motif_103,0.0
2279,C23_Neural,Motif_103,0.0
2280,C25_Pharynx,Motif_103,0.0
2281,C26_Protonephridia,Motif_103,0.0
2282,C27_Pharynx,Motif_103,0.0
2283,C28_Cathepsin+_cells,Motif_103,0.0
2284,C29_Protonephridia,Motif_103,0.0
2285,C32_Neural,Motif_103,0.0
2286,C33_Neural,Motif_103,0.0
2287,C34_Neural,Motif_103,0.0
2288,C36_Neural,Motif_103,0.0
2289,C37_Pharynx,Motif_103,0.0
2290,C38_Parapharyngeal,Motif_103,0.0
2291,C40_Protonephridia,Motif_103,0.0
2292,C42_Cathepsin+_cells,Motif_103,0.0
2293,C43_Intestine,Motif_103,0.0
2294,C5_Neoblast,Motif_103,0.0
2295,C0_Neoblast,Motif_104,0.0
2296,C10_Cathepsin+_cells,Motif_104,0.0
2297,C12_Parapharyngeal,Motif_104,1.0
2298,C13_Muscle,Motif_104,1.0
2299,C15_Cathepsin+_cells,Motif_104,0.0
2300,C16_Muscle,Motif_104,1.0
2301,C17_Cathepsin+_cells,Motif_104,0.0
2302,C18_Neural,Motif_104,0.0
2303,C1_Neural,Motif_104,0.0
2304,C21_Neural,Motif_104,0.0
2305,C22_Neoblast,Motif_104,0.0
2306,C23_Neural,Motif_104,0.0
2307,C25_Pharynx,Motif_104,0.0
2308,C26_Protonephridia,Motif_104,1.0
2309,C27_Pharynx,Motif_104,1.0
2310,C28_Cathepsin+_cells,Motif_104,0.0
2311,C29_Protonephridia,Motif_104,1.0
2312,C32_Neural,Motif_104,0.0
2313,C33_Neural,Motif_104,0.0
2314,C34_Neural,Motif_104,0.0
2315,C36_Neural,Motif_104,0.0
2316,C37_Pharynx,Motif_104,1.0
2317,C38_Parapharyngeal,Motif_104,1.0
2318,C40_Protonephridia,Motif_104,1.0
2319,C42_Cathepsin+_cells,Motif_104,0.0
2320,C43_Intestine,Motif_104,0.0
2321,C5_Neoblast,Motif_104,0.0
2322,C0_Neoblast,Motif_105,0.0
2323,C10_Cathepsin+_cells,Motif_105,0.0
2324,C12_Parapharyngeal,Motif_105,1.0
2325,C13_Muscle,Motif_105,1.0
2326,C15_Cathepsin+_cells,Motif_105,0.0
2327,C16_Muscle,Motif_105,0.0
2328,C17_Cathepsin+_cells,Motif_105,0.0
2329,C18_Neural,Motif_105,0.0
2330,C1_Neural,Motif_105,0.0
2331,C21_Neural,Motif_105,0.0
2332,C22_Neoblast,Motif_105,0.0
2333,C23_Neural,Motif_105,0.0
2334,C25_Pharynx,Motif_105,1.0
2335,C26_Protonephridia,Motif_105,1.0
2336,C27_Pharynx,Motif_105,1.0
2337,C28_Cathepsin+_cells,Motif_105,0.0
2338,C29_Protonephridia,Motif_105,1.0
2339,C32_Neural,Motif_105,0.0
2340,C33_Neural,Motif_105,0.0
2341,C34_Neural,Motif_105,0.0
2342,C36_Neural,Motif_105,0.0
2343,C37_Pharynx,Motif_105,1.0
2344,C38_Parapharyngeal,Motif_105,1.0
2345,C40_Protonephridia,Motif_105,1.0
2346,C42_Cathepsin+_cells,Motif_105,0.0
2347,C43_Intestine,Motif_105,0.0
2348,C5_Neoblast,Motif_105,0.0
2349,C0_Neoblast,Motif_108,0.0
2350,C10_Cathepsin+_cells,Motif_108,0.0
2351,C12_Parapharyngeal,Motif_108,0.0
2352,C13_Muscle,Motif_108,0.0
2353,C15_Cathepsin+_cells,Motif_108,0.0
2354,C16_Muscle,Motif_108,0.0
2355,C17_Cathepsin+_cells,Motif_108,0.0
2356,C18_Neural,Motif_108,1.0
2357,C1_Neural,Motif_108,1.0
2358,C21_Neural,Motif_108,1.0
2359,C22_Neoblast,Motif_108,0.0
2360,C23_Neural,Motif_108,1.0
2361,C25_Pharynx,Motif_108,0.0
2362,C26_Protonephridia,Motif_108,0.0
2363,C27_Pharynx,Motif_108,0.0
2364,C28_Cathepsin+_cells,Motif_108,0.0
2365,C29_Protonephridia,Motif_108,0.0
2366,C32_Neural,Motif_108,1.0
2367,C33_Neural,Motif_108,1.0
2368,C34_Neural,Motif_108,1.0
2369,C36_Neural,Motif_108,1.0
2370,C37_Pharynx,Motif_108,0.0
2371,C38_Parapharyngeal,Motif_108,0.0
2372,C40_Protonephridia,Motif_108,0.0
2373,C42_Cathepsin+_cells,Motif_108,0.0
2374,C43_Intestine,Motif_108,0.0
2375,C5_Neoblast,Motif_108,1.0
2376,C0_Neoblast,Motif_109,0.0
2377,C10_Cathepsin+_cells,Motif_109,0.0
2378,C12_Parapharyngeal,Motif_109,0.0
2379,C13_Muscle,Motif_109,0.0
2380,C15_Cathepsin+_cells,Motif_109,0.0
2381,C16_Muscle,Motif_109,0.0
2382,C17_Cathepsin+_cells,Motif_109,0.0
2383,C18_Neural,Motif_109,1.0
2384,C1_Neural,Motif_109,1.0
2385,C21_Neural,Motif_109,1.0
2386,C22_Neoblast,Motif_109,0.0
2387,C23_Neural,Motif_109,1.0
2388,C25_Pharynx,Motif_109,0.0
2389,C26_Protonephridia,Motif_109,0.0
2390,C27_Pharynx,Motif_109,0.0
2391,C28_Cathepsin+_cells,Motif_109,0.0
2392,C29_Protonephridia,Motif_109,0.0
2393,C32_Neural,Motif_109,1.0
2394,C33_Neural,Motif_109,1.0
2395,C34_Neural,Motif_109,1.0
2396,C36_Neural,Motif_109,1.0
2397,C37_Pharynx,Motif_109,0.0
2398,C38_Parapharyngeal,Motif_109,0.0
2399,C40_Protonephridia,Motif_109,0.0
2400,C42_Cathepsin+_cells,Motif_109,0.0
2401,C43_Intestine,Motif_109,0.0
2402,C5_Neoblast,Motif_109,1.0
2403,C0_Neoblast,Motif_110,0.0
2404,C10_Cathepsin+_cells,Motif_110,0.0
2405,C12_Parapharyngeal,Motif_110,1.0
2406,C13_Muscle,Motif_110,1.0
2407,C15_Cathepsin+_cells,Motif_110,0.0
2408,C16_Muscle,Motif_110,0.0
2409,C17_Cathepsin+_cells,Motif_110,0.0
2410,C18_Neural,Motif_110,0.0
2411,C1_Neural,Motif_110,0.0
2412,C21_Neural,Motif_110,0.0
2413,C22_Neoblast,Motif_110,0.0
2414,C23_Neural,Motif_110,0.0
2415,C25_Pharynx,Motif_110,0.0
2416,C26_Protonephridia,Motif_110,1.0
2417,C27_Pharynx,Motif_110,1.0
2418,C28_Cathepsin+_cells,Motif_110,0.0
2419,C29_Protonephridia,Motif_110,1.0
2420,C32_Neural,Motif_110,0.0
2421,C33_Neural,Motif_110,0.0
2422,C34_Neural,Motif_110,0.0
2423,C36_Neural,Motif_110,0.0
2424,C37_Pharynx,Motif_110,1.0
2425,C38_Parapharyngeal,Motif_110,1.0
2426,C40_Protonephridia,Motif_110,1.0
2427,C42_Cathepsin+_cells,Motif_110,0.0
2428,C43_Intestine,Motif_110,1.0
2429,C5_Neoblast,Motif_110,0.0
2430,C0_Neoblast,Motif_111,0.0
2431,C10_Cathepsin+_cells,Motif_111,0.0
2432,C12_Parapharyngeal,Motif_111,1.0
2433,C13_Muscle,Motif_111,1.0
2434,C15_Cathepsin+_cells,Motif_111,0.0
2435,C16_Muscle,Motif_111,1.0
2436,C17_Cathepsin+_cells,Motif_111,0.0
2437,C18_Neural,Motif_111,0.0
2438,C1_Neural,Motif_111,0.0
2439,C21_Neural,Motif_111,0.0
2440,C22_Neoblast,Motif_111,0.0
2441,C23_Neural,Motif_111,0.0
2442,C25_Pharynx,Motif_111,1.0
2443,C26_Protonephridia,Motif_111,1.0
2444,C27_Pharynx,Motif_111,1.0
2445,C28_Cathepsin+_cells,Motif_111,0.0
2446,C29_Protonephridia,Motif_111,1.0
2447,C32_Neural,Motif_111,0.0
2448,C33_Neural,Motif_111,0.0
2449,C34_Neural,Motif_111,0.0
2450,C36_Neural,Motif_111,0.0
2451,C37_Pharynx,Motif_111,0.0
2452,C38_Parapharyngeal,Motif_111,1.0
2453,C40_Protonephridia,Motif_111,1.0
2454,C42_Cathepsin+_cells,Motif_111,0.0
2455,C43_Intestine,Motif_111,0.0
2456,C5_Neoblast,Motif_111,0.0
2457,C0_Neoblast,Motif_112,0.0
2458,C10_Cathepsin+_cells,Motif_112,0.0
2459,C12_Parapharyngeal,Motif_112,0.0
2460,C13_Muscle,Motif_112,1.0
2461,C15_Cathepsin+_cells,Motif_112,0.0
2462,C16_Muscle,Motif_112,1.0
2463,C17_Cathepsin+_cells,Motif_112,0.0
2464,C18_Neural,Motif_112,0.0
2465,C1_Neural,Motif_112,0.0
2466,C21_Neural,Motif_112,0.0
2467,C22_Neoblast,Motif_112,0.0
2468,C23_Neural,Motif_112,0.0
2469,C25_Pharynx,Motif_112,1.0
2470,C26_Protonephridia,Motif_112,1.0
2471,C27_Pharynx,Motif_112,1.0
2472,C28_Cathepsin+_cells,Motif_112,0.0
2473,C29_Protonephridia,Motif_112,1.0
2474,C32_Neural,Motif_112,0.0
2475,C33_Neural,Motif_112,0.0
2476,C34_Neural,Motif_112,0.0
2477,C36_Neural,Motif_112,0.0
2478,C37_Pharynx,Motif_112,1.0
2479,C38_Parapharyngeal,Motif_112,1.0
2480,C40_Protonephridia,Motif_112,1.0
2481,C42_Cathepsin+_cells,Motif_112,0.0
2482,C43_Intestine,Motif_112,0.0
2483,C5_Neoblast,Motif_112,0.0
2484,C0_Neoblast,Motif_113,0.0
2485,C10_Cathepsin+_cells,Motif_113,0.0
2486,C12_Parapharyngeal,Motif_113,0.0
2487,C13_Muscle,Motif_113,0.0
2488,C15_Cathepsin+_cells,Motif_113,0.0
2489,C16_Muscle,Motif_113,0.0
2490,C17_Cathepsin+_cells,Motif_113,0.0
2491,C18_Neural,Motif_113,0.0
2492,C1_Neural,Motif_113,0.0
2493,C21_Neural,Motif_113,0.0
2494,C22_Neoblast,Motif_113,0.0
2495,C23_Neural,Motif_113,0.0
2496,C25_Pharynx,Motif_113,0.0
2497,C26_Protonephridia,Motif_113,1.0
2498,C27_Pharynx,Motif_113,1.0
2499,C28_Cathepsin+_cells,Motif_113,0.0
2500,C29_Protonephridia,Motif_113,0.0
2501,C32_Neural,Motif_113,0.0
2502,C33_Neural,Motif_113,0.0
2503,C34_Neural,Motif_113,0.0
2504,C36_Neural,Motif_113,0.0
2505,C37_Pharynx,Motif_113,1.0
2506,C38_Parapharyngeal,Motif_113,1.0
2507,C40_Protonephridia,Motif_113,1.0
2508,C42_Cathepsin+_cells,Motif_113,0.0
2509,C43_Intestine,Motif_113,0.0
2510,C5_Neoblast,Motif_113,0.0
2511,C0_Neoblast,Motif_114,0.0
2512,C10_Cathepsin+_cells,Motif_114,0.0
2513,C12_Parapharyngeal,Motif_114,0.0
2514,C13_Muscle,Motif_114,0.0
2515,C15_Cathepsin+_cells,Motif_114,0.0
2516,C16_Muscle,Motif_114,0.0
2517,C17_Cathepsin+_cells,Motif_114,0.0
2518,C18_Neural,Motif_114,0.0
2519,C1_Neural,Motif_114,0.0
2520,C21_Neural,Motif_114,0.0
2521,C22_Neoblast,Motif_114,0.0
2522,C23_Neural,Motif_114,0.0
2523,C25_Pharynx,Motif_114,0.0
2524,C26_Protonephridia,Motif_114,0.0
2525,C27_Pharynx,Motif_114,0.0
2526,C28_Cathepsin+_cells,Motif_114,0.0
2527,C29_Protonephridia,Motif_114,0.0
2528,C32_Neural,Motif_114,0.0
2529,C33_Neural,Motif_114,0.0
2530,C34_Neural,Motif_114,0.0
2531,C36_Neural,Motif_114,0.0
2532,C37_Pharynx,Motif_114,1.0
2533,C38_Parapharyngeal,Motif_114,0.0
2534,C40_Protonephridia,Motif_114,0.0
2535,C42_Cathepsin+_cells,Motif_114,0.0
2536,C43_Intestine,Motif_114,0.0
2537,C5_Neoblast,Motif_114,0.0
2538,C0_Neoblast,Motif_115,0.0
2539,C10_Cathepsin+_cells,Motif_115,0.0
2540,C12_Parapharyngeal,Motif_115,0.0
2541,C13_Muscle,Motif_115,1.0
2542,C15_Cathepsin+_cells,Motif_115,0.0
2543,C16_Muscle,Motif_115,1.0
2544,C17_Cathepsin+_cells,Motif_115,0.0
2545,C18_Neural,Motif_115,0.0
2546,C1_Neural,Motif_115,0.0
2547,C21_Neural,Motif_115,0.0
2548,C22_Neoblast,Motif_115,0.0
2549,C23_Neural,Motif_115,0.0
2550,C25_Pharynx,Motif_115,1.0
2551,C26_Protonephridia,Motif_115,1.0
2552,C27_Pharynx,Motif_115,1.0
2553,C28_Cathepsin+_cells,Motif_115,0.0
2554,C29_Protonephridia,Motif_115,1.0
2555,C32_Neural,Motif_115,0.0
2556,C33_Neural,Motif_115,0.0
2557,C34_Neural,Motif_115,0.0
2558,C36_Neural,Motif_115,0.0
2559,C37_Pharynx,Motif_115,1.0
2560,C38_Parapharyngeal,Motif_115,1.0
2561,C40_Protonephridia,Motif_115,1.0
2562,C42_Cathepsin+_cells,Motif_115,0.0
2563,C43_Intestine,Motif_115,0.0
2564,C5_Neoblast,Motif_115,0.0
2565,C0_Neoblast,Motif_116,0.0
2566,C10_Cathepsin+_cells,Motif_116,0.0
2567,C12_Parapharyngeal,Motif_116,0.0
2568,C13_Muscle,Motif_116,0.0
2569,C15_Cathepsin+_cells,Motif_116,0.0
2570,C16_Muscle,Motif_116,0.0
2571,C17_Cathepsin+_cells,Motif_116,0.0
2572,C18_Neural,Motif_116,0.0
2573,C1_Neural,Motif_116,0.0
2574,C21_Neural,Motif_116,0.0
2575,C22_Neoblast,Motif_116,1.0
2576,C23_Neural,Motif_116,0.0
2577,C25_Pharynx,Motif_116,0.0
2578,C26_Protonephridia,Motif_116,0.0
2579,C27_Pharynx,Motif_116,0.0
2580,C28_Cathepsin+_cells,Motif_116,0.0
2581,C29_Protonephridia,Motif_116,0.0
2582,C32_Neural,Motif_116,0.0
2583,C33_Neural,Motif_116,0.0
2584,C34_Neural,Motif_116,0.0
2585,C36_Neural,Motif_116,0.0
2586,C37_Pharynx,Motif_116,0.0
2587,C38_Parapharyngeal,Motif_116,0.0
2588,C40_Protonephridia,Motif_116,0.0
2589,C42_Cathepsin+_cells,Motif_116,0.0
2590,C43_Intestine,Motif_116,0.0
2591,C5_Neoblast,Motif_116,0.0
2592,C0_Neoblast,Motif_119,0.0
2593,C10_Cathepsin+_cells,Motif_119,0.0
2594,C12_Parapharyngeal,Motif_119,1.0
2595,C13_Muscle,Motif_119,1.0
2596,C15_Cathepsin+_cells,Motif_119,0.0
2597,C16_Muscle,Motif_119,1.0
2598,C17_Cathepsin+_cells,Motif_119,0.0
2599,C18_Neural,Motif_119,0.0
2600,C1_Neural,Motif_119,0.0
2601,C21_Neural,Motif_119,0.0
2602,C22_Neoblast,Motif_119,0.0
2603,C23_Neural,Motif_119,0.0
2604,C25_Pharynx,Motif_119,0.0
2605,C26_Protonephridia,Motif_119,1.0
2606,C27_Pharynx,Motif_119,1.0
2607,C28_Cathepsin+_cells,Motif_119,0.0
2608,C29_Protonephridia,Motif_119,1.0
2609,C32_Neural,Motif_119,0.0
2610,C33_Neural,Motif_119,0.0
2611,C34_Neural,Motif_119,0.0
2612,C36_Neural,Motif_119,0.0
2613,C37_Pharynx,Motif_119,1.0
2614,C38_Parapharyngeal,Motif_119,1.0
2615,C40_Protonephridia,Motif_119,1.0
2616,C42_Cathepsin+_cells,Motif_119,0.0
2617,C43_Intestine,Motif_119,0.0
2618,C5_Neoblast,Motif_119,0.0
2619,C0_Neoblast,Motif_120,0.0
2620,C10_Cathepsin+_cells,Motif_120,0.0
2621,C12_Parapharyngeal,Motif_120,0.0
2622,C13_Muscle,Motif_120,0.0
2623,C15_Cathepsin+_cells,Motif_120,0.0
2624,C16_Muscle,Motif_120,0.0
2625,C17_Cathepsin+_cells,Motif_120,0.0
2626,C18_Neural,Motif_120,0.0
2627,C1_Neural,Motif_120,0.0
2628,C21_Neural,Motif_120,0.0
2629,C22_Neoblast,Motif_120,0.0
2630,C23_Neural,Motif_120,0.0
2631,C25_Pharynx,Motif_120,0.0
2632,C26_Protonephridia,Motif_120,0.0
2633,C27_Pharynx,Motif_120,0.0
2634,C28_Cathepsin+_cells,Motif_120,0.0
2635,C29_Protonephridia,Motif_120,0.0
2636,C32_Neural,Motif_120,0.0
2637,C33_Neural,Motif_120,0.0
2638,C34_Neural,Motif_120,0.0
2639,C36_Neural,Motif_120,0.0
2640,C37_Pharynx,Motif_120,1.0
2641,C38_Parapharyngeal,Motif_120,0.0
2642,C40_Protonephridia,Motif_120,0.0
2643,C42_Cathepsin+_cells,Motif_120,0.0
2644,C43_Intestine,Motif_120,0.0
2645,C5_Neoblast,Motif_120,0.0
2646,C0_Neoblast,Motif_121,0.0
2647,C10_Cathepsin+_cells,Motif_121,0.0
2648,C12_Parapharyngeal,Motif_121,0.0
2649,C13_Muscle,Motif_121,0.0
2650,C15_Cathepsin+_cells,Motif_121,0.0
2651,C16_Muscle,Motif_121,0.0
2652,C17_Cathepsin+_cells,Motif_121,1.0
2653,C18_Neural,Motif_121,1.0
2654,C1_Neural,Motif_121,1.0
2655,C21_Neural,Motif_121,1.0
2656,C22_Neoblast,Motif_121,0.0
2657,C23_Neural,Motif_121,1.0
2658,C25_Pharynx,Motif_121,0.0
2659,C26_Protonephridia,Motif_121,0.0
2660,C27_Pharynx,Motif_121,0.0
2661,C28_Cathepsin+_cells,Motif_121,0.0
2662,C29_Protonephridia,Motif_121,0.0
2663,C32_Neural,Motif_121,1.0
2664,C33_Neural,Motif_121,1.0
2665,C34_Neural,Motif_121,1.0
2666,C36_Neural,Motif_121,1.0
2667,C37_Pharynx,Motif_121,0.0
2668,C38_Parapharyngeal,Motif_121,0.0
2669,C40_Protonephridia,Motif_121,0.0
2670,C42_Cathepsin+_cells,Motif_121,0.0
2671,C43_Intestine,Motif_121,0.0
2672,C5_Neoblast,Motif_121,0.0
2673,C0_Neoblast,Motif_122,0.0
2674,C10_Cathepsin+_cells,Motif_122,0.0
2675,C12_Parapharyngeal,Motif_122,0.0
2676,C13_Muscle,Motif_122,0.0
2677,C15_Cathepsin+_cells,Motif_122,0.0
2678,C16_Muscle,Motif_122,0.0
2679,C17_Cathepsin+_cells,Motif_122,1.0
2680,C18_Neural,Motif_122,0.0
2681,C1_Neural,Motif_122,0.0
2682,C21_Neural,Motif_122,1.0
2683,C22_Neoblast,Motif_122,0.0
2684,C23_Neural,Motif_122,0.0
2685,C25_Pharynx,Motif_122,0.0
2686,C26_Protonephridia,Motif_122,0.0
2687,C27_Pharynx,Motif_122,0.0
2688,C28_Cathepsin+_cells,Motif_122,0.0
2689,C29_Protonephridia,Motif_122,0.0
2690,C32_Neural,Motif_122,1.0
2691,C33_Neural,Motif_122,0.0
2692,C34_Neural,Motif_122,1.0
2693,C36_Neural,Motif_122,1.0
2694,C37_Pharynx,Motif_122,0.0
2695,C38_Parapharyngeal,Motif_122,0.0
2696,C40_Protonephridia,Motif_122,0.0
2697,C42_Cathepsin+_cells,Motif_122,1.0
2698,C43_Intestine,Motif_122,0.0
2699,C5_Neoblast,Motif_122,0.0
2700,C0_Neoblast,Motif_123,0.0
2701,C10_Cathepsin+_cells,Motif_123,0.0
2702,C12_Parapharyngeal,Motif_123,0.0
2703,C13_Muscle,Motif_123,0.0
2704,C15_Cathepsin+_cells,Motif_123,0.0
2705,C16_Muscle,Motif_123,0.0
2706,C17_Cathepsin+_cells,Motif_123,1.0
2707,C18_Neural,Motif_123,1.0
2708,C1_Neural,Motif_123,0.0
2709,C21_Neural,Motif_123,1.0
2710,C22_Neoblast,Motif_123,0.0
2711,C23_Neural,Motif_123,1.0
2712,C25_Pharynx,Motif_123,0.0
2713,C26_Protonephridia,Motif_123,0.0
2714,C27_Pharynx,Motif_123,0.0
2715,C28_Cathepsin+_cells,Motif_123,1.0
2716,C29_Protonephridia,Motif_123,0.0
2717,C32_Neural,Motif_123,1.0
2718,C33_Neural,Motif_123,1.0
2719,C34_Neural,Motif_123,1.0
2720,C36_Neural,Motif_123,1.0
2721,C37_Pharynx,Motif_123,0.0
2722,C38_Parapharyngeal,Motif_123,0.0
2723,C40_Protonephridia,Motif_123,0.0
2724,C42_Cathepsin+_cells,Motif_123,0.0
2725,C43_Intestine,Motif_123,0.0
2726,C5_Neoblast,Motif_123,0.0
2727,C0_Neoblast,Motif_124,0.0
2728,C10_Cathepsin+_cells,Motif_124,0.0
2729,C12_Parapharyngeal,Motif_124,0.0
2730,C13_Muscle,Motif_124,1.0
2731,C15_Cathepsin+_cells,Motif_124,0.0
2732,C16_Muscle,Motif_124,1.0
2733,C17_Cathepsin+_cells,Motif_124,0.0
2734,C18_Neural,Motif_124,0.0
2735,C1_Neural,Motif_124,0.0
2736,C21_Neural,Motif_124,0.0
2737,C22_Neoblast,Motif_124,0.0
2738,C23_Neural,Motif_124,0.0
2739,C25_Pharynx,Motif_124,1.0
2740,C26_Protonephridia,Motif_124,1.0
2741,C27_Pharynx,Motif_124,1.0
2742,C28_Cathepsin+_cells,Motif_124,0.0
2743,C29_Protonephridia,Motif_124,1.0
2744,C32_Neural,Motif_124,0.0
2745,C33_Neural,Motif_124,0.0
2746,C34_Neural,Motif_124,0.0
2747,C36_Neural,Motif_124,0.0
2748,C37_Pharynx,Motif_124,1.0
2749,C38_Parapharyngeal,Motif_124,1.0
2750,C40_Protonephridia,Motif_124,1.0
2751,C42_Cathepsin+_cells,Motif_124,0.0
2752,C43_Intestine,Motif_124,0.0
2753,C5_Neoblast,Motif_124,0.0
